,x,TMean,T_rms
0,cm,K,K
1,0.0,1093.5,565.261001662064
2,0.012,1093.3,565.3229165706977
3,0.024,1093.1,565.3759810957661
4,0.036000000000000004,1092.9,565.4378834142615
5,0.048,1092.6,565.490937151074
6,0.06,1092.4,565.5528268871087
7,0.07200000000000001,1092.2,565.6147098511494
8,0.084,1092.0,565.6677470034862
9,0.096,1091.8,565.7296173968621
10,0.108,1091.6,565.7826437776259
11,0.12,1091.4,565.8445016079947
12,0.132,1091.1,565.897517223746
13,0.14400000000000002,1090.9,565.9593624987575
14,0.156,1090.7,566.0123673560499
15,0.168,1090.5,566.074200083346
16,0.18,1090.3,566.1360260573425
17,0.192,1090.1,566.1890143759414
18,0.20400000000000001,1089.9,566.2508278139644
19,0.216,1089.6,566.3038053907107
20,0.22799999999999998,1089.4,566.3656063003826
21,0.24,1089.2,566.4185731418065
22,0.252,1089.0,566.4803615307419
23,0.264,1088.8,566.5421431808935
24,0.27599999999999997,1088.6,566.5950935191727
25,0.28800000000000003,1088.3,566.6568626602875
26,0.3,1088.1,566.7098022797911
27,0.312,1087.9,566.7715589194645
28,0.32399999999999995,1087.7,566.8244878266993
29,0.336,1087.5,566.8862319725184
30,0.348,1087.3,566.9391501739847
31,0.36,1087.1,567.0008818335294
32,0.372,1086.8,567.0626067728324
33,0.384,1086.6,567.1155085165632
34,0.396,1086.4,567.177220981238
35,0.40800000000000003,1086.2,567.2301120356711
36,0.42,1086.0,567.291812033278
37,0.432,1085.8,567.3446924048907
38,0.44400000000000006,1085.6,567.4063799429823
39,0.45599999999999996,1085.3,567.459249638245
40,0.468,1085.1,567.5209247243664
41,0.48,1084.9,567.5825931087035
42,0.492,1084.7,567.6354463914317
43,0.504,1084.5,567.6971023353915
44,0.516,1084.3,567.7499449581655
45,0.528,1084.1,567.8115884692738
46,0.54,1083.8,567.864420438541
47,0.5519999999999999,1083.6,567.926051524316
48,0.5640000000000001,1083.4,567.9876759226383
49,0.5760000000000001,1083.2,568.0404915144694
50,0.588,1083.0,568.1021034990101
51,0.6,1082.8,568.1549084536716
52,0.612,1082.6,568.2165080319297
53,0.624,1082.3,568.2693023558461
54,0.636,1082.1,568.3308895353128
55,0.6479999999999999,1081.9,568.3836732349022
56,0.66,1081.7,568.4452480230616
57,0.672,1081.5,568.5068161420758
58,0.6839999999999999,1081.3,568.5595835090637
59,0.696,1081.1,568.6211392482696
60,0.7080000000000001,1080.8,568.6738960071932
61,0.72,1080.6,568.7354393740555
62,0.732,1080.4,568.7881855313101
63,0.744,1080.2,568.8497165332861
64,0.756,1080.0,568.9112408803328
65,0.768,1079.8,568.9639707398001
66,0.7799999999999999,1079.6,569.0254827334186
67,0.792,1079.3,569.0782020074219
68,0.804,1079.0,569.0957740134784
69,0.8160000000000001,1078.4,569.0430563674422
70,0.828,1077.9,568.990333837052
71,0.84,1077.3,568.9288180431714
72,0.852,1076.7,568.8760849253553
73,0.864,1076.1,568.8145567757563
74,0.876,1075.5,568.7618130641332
75,0.8880000000000001,1075.0,568.7090644609069
76,0.8999999999999999,1074.4,568.6475182395505
77,0.9119999999999999,1073.8,568.59475903318
78,0.924,1073.2,568.5332004377581
79,0.936,1072.7,568.4804306218465
80,0.9480000000000001,1072.1,568.4276559070644
81,0.96,1071.5,568.3660792130368
82,0.972,1070.9,568.3132938793532
83,0.984,1070.4,568.2517047928673
84,0.996,1069.8,568.1989088338695
85,1.008,1069.2,568.1373073474405
86,1.02,1068.6,568.0845007567096
87,1.032,1068.1,568.0316892568583
88,1.044,1067.5,567.9700696339553
89,1.056,1066.9,567.9172474929776
90,1.068,1066.3,567.8556154516745
91,1.08,1065.8,567.8027826631356
92,1.0919999999999999,1065.2,567.7499449581655
93,1.1039999999999999,1064.6,567.6882947533796
94,1.1159999999999999,1064.0,567.6354463914317
95,1.1280000000000001,1063.5,567.573783749743
96,1.1400000000000001,1062.9,567.5209247243664
97,1.1520000000000001,1062.3,567.4680607752299
98,1.164,1061.7,567.4063799429823
99,1.176,1061.2,567.3535053209771
100,1.188,1060.6,567.291812033278
101,1.2,1060.0,567.2389267319372
102,1.212,1059.4,567.1860364994893
103,1.224,1058.9,567.124324994088
104,1.236,1058.3,567.0714240728411
105,1.248,1057.7,567.0097000933935
106,1.26,1057.1,566.9567884768644
107,1.272,1056.6,566.9038719218629
108,1.284,1056.0,566.8421296975023
109,1.2959999999999998,1055.4,566.7892024377317
110,1.308,1054.8,566.7274477206835
111,1.32,1054.3,566.6745097496446
112,1.332,1053.7,566.6215668327495
113,1.344,1053.1,566.5597938435095
114,1.3559999999999999,1052.5,566.5068402058355
115,1.3679999999999999,1052.0,566.4450547052203
116,1.38,1051.4,566.3920903402518
117,1.392,1050.8,566.3302923206563
118,1.4040000000000001,1050.2,566.2773172218714
119,1.4160000000000001,1049.7,566.2243371668159
120,1.428,1049.1,566.1625208365527
121,1.44,1048.5,566.1095300381367
122,1.452,1047.9,566.0477011701399
123,1.464,1047.4,565.9946996218251
124,1.476,1046.8,565.9416931098115
125,1.488,1046.2,565.8798459037042
126,1.5,1045.6,565.8268286322239
127,1.512,1045.1,565.7649688695828
128,1.524,1044.5,565.711940832081
129,1.536,1043.9,565.6589078234338
130,1.548,1043.3,565.5970296951708
131,1.5599999999999998,1042.8,565.5439859109104
132,1.572,1042.2,565.4820952072665
133,1.584,1041.6,565.4290406408217
134,1.5959999999999999,1041.0,565.3759810957661
135,1.608,1040.4,565.2963824402204
136,1.6199999999999999,1039.7,565.1990799709426
137,1.6320000000000001,1039.1,565.1106086422374
138,1.644,1038.4,565.022123460666
139,1.656,1037.8,564.9336244197189
140,1.6680000000000001,1037.1,564.8451115128819
141,1.68,1036.4,564.7477312924772
142,1.6920000000000002,1035.8,564.6591892460442
143,1.704,1035.1,564.5706333134942
144,1.7160000000000002,1034.5,564.4820634882919
145,1.728,1033.8,564.3934797638966
146,1.7399999999999998,1033.2,564.2960216056817
147,1.752,1032.5,564.2074086716692
148,1.764,1031.8,564.1187818181558
149,1.7760000000000002,1031.2,564.0301410385796
150,1.788,1030.5,563.9414863263742
151,1.7999999999999998,1029.9,563.8439500429174
152,1.812,1029.2,563.7552660507927
153,1.8239999999999998,1028.5,563.6665681056488
154,1.836,1027.9,563.5778562008979
155,1.848,1027.2,563.489130329947
156,1.8599999999999999,1026.6,563.3915157330646
157,1.872,1025.9,563.3027605116098
158,1.884,1025.2,563.2139913034831
159,1.8960000000000001,1024.6,563.1252081020704
160,1.908,1023.9,563.0364109007515
161,1.92,1023.3,562.9387178015028
162,1.932,1022.6,562.8498911788115
163,1.944,1022.0,562.7610505356603
164,1.9560000000000002,1021.3,562.672195865408
165,1.968,1020.6,562.5833271614082
166,1.9800000000000002,1020.0,562.4944444170093
167,1.992,1019.3,562.3966571735647
168,2.004,1018.7,562.3077449226536
169,2.016,1018.0,562.21881861069
170,2.028,1017.3,562.129878231001
171,2.04,1016.7,562.0409237769079
172,2.052,1016.0,561.9430576134916
173,2.064,1015.4,561.8540735813882
174,2.076,1014.7,561.7650754541439
175,2.088,1014.0,561.6760632250586
176,2.1,1013.4,561.5870368874267
177,2.112,1012.7,561.489091612651
178,2.1239999999999997,1012.1,561.4000356252216
179,2.136,1011.4,561.3109655084247
180,2.1479999999999997,1010.8,561.2218812555334
181,2.16,1010.1,561.1327828598147
182,2.172,1009.4,561.0347582815168
183,2.1839999999999997,1008.8,560.9456301639224
184,2.196,1008.1,560.8564878825955
185,2.2079999999999997,1007.5,560.7673314307815
186,2.22,1006.8,560.6781608017205
187,2.2319999999999998,1006.1,560.5800567269584
188,2.244,1005.5,560.4908563036511
189,2.2560000000000002,1004.8,560.4016416821064
190,2.268,1004.2,560.3124128555426
191,2.2800000000000002,1003.5,560.2231698171721
192,2.292,1002.8,560.1249860522203
193,2.3040000000000003,1002.2,560.0357131469385
194,2.316,1001.5,559.9464260087746
195,2.328,1000.9,559.8571246309186
196,2.34,1000.2,559.7678090065558
197,2.352,999.55,559.6695453569008
198,2.3640000000000003,998.89,559.580199792666
199,2.376,998.23,559.4908399607629
200,2.388,997.57,559.401465854354
201,2.4,996.92,559.3120774665964
202,2.412,996.24,559.2584375760458
203,2.424,995.57,559.2137337369318
204,2.436,994.9,559.1690263238836
205,2.448,994.23,559.124315336044
206,2.46,993.56,559.0796007725554
207,2.472,992.89,559.0348826325599
208,2.484,992.22,558.9812161423673
209,2.496,991.54,558.9364901310345
210,2.508,990.87,558.8917605404467
211,2.52,990.2,558.8470273697445
212,2.532,989.53,558.8022906180682
213,2.544,988.86,558.7575502845576
214,2.556,988.19,558.7038571551121
215,2.568,987.52,558.6591089385369
216,2.58,986.84,558.6143571373725
217,2.5919999999999996,986.17,558.5696017507577
218,2.604,985.5,558.5248427778303
219,2.616,984.83,558.4800802177281
220,2.628,984.16,558.4263604093202
221,2.64,983.49,558.3815899543966
222,2.6519999999999997,982.82,558.3368159095368
223,2.664,982.14,558.2920382738769
224,2.6759999999999997,981.47,558.2472570465528
225,2.688,980.8,558.1935148315501
226,2.7,980.13,558.1487256995217
227,2.7119999999999997,979.46,558.1039329730619
228,2.724,978.79,558.059136651305
229,2.7359999999999998,978.12,558.0143367333853
230,2.748,977.45,557.9695332184366
231,2.76,976.77,557.9157642511994
232,2.7720000000000002,976.1,557.8709528197359
233,2.784,975.43,557.826137788469
234,2.796,974.76,557.7813191565311
235,2.8080000000000003,974.09,557.7364969230541
236,2.82,973.42,557.6916710871698
237,2.8320000000000003,972.75,557.6378753277077
238,2.844,972.07,557.5930415634685
239,2.856,971.4,557.548204194041
240,2.868,970.73,557.5033632185549
241,2.88,970.06,557.4585186361403
242,2.8920000000000003,969.39,557.4136704459265
243,2.904,968.72,557.3598478541489
244,2.916,968.05,557.3149917237109
245,2.928,967.37,557.2701319826857
246,2.94,966.7,557.2252686302013
247,2.952,966.03,557.1804016653853
248,2.964,965.36,557.1265565380993
249,2.976,964.69,557.0816816230812
250,2.988,964.02,557.0368030929375
251,3.0,963.35,556.9919209467944
252,3.012,962.67,556.9470351837776
253,3.024,962.0,556.9021458030127
254,3.036,961.33,556.8482737694353
255,3.048,960.66,556.8033764265443
256,3.06,959.99,556.7584754631042
257,3.072,959.32,556.713570878239
258,3.084,958.65,556.6686626710722
259,3.096,957.97,556.6237508407272
260,3.108,957.3,556.569851860483
261,3.1199999999999997,956.63,556.524932056058
262,3.132,955.96,556.4800086256469
263,3.144,955.29,556.4350815683713
264,3.1559999999999997,954.62,556.3901508833527
265,3.168,953.95,556.3452165697122
266,3.18,953.27,556.2912906023247
267,3.1919999999999997,952.6,556.2463483026203
268,3.2039999999999997,951.89,556.1654430113399
269,3.216,951.09,556.0125897855191
270,3.228,950.29,555.8686895301803
271,3.2399999999999998,949.49,555.7157546803942
272,3.2520000000000002,948.68,555.562777730834
273,3.2640000000000002,947.88,555.4187609362867
274,3.276,947.08,555.2657021642882
275,3.288,946.28,555.1126011900649
276,3.3000000000000003,945.48,554.9684675727082
277,3.312,944.68,554.8152845767679
278,3.324,943.88,554.6620592757359
279,3.3360000000000003,943.08,554.508791634542
280,3.3480000000000003,942.28,554.3645010279789
281,3.36,941.47,554.2111510967638
282,3.372,940.67,554.0577587219585
283,3.3840000000000003,939.87,553.9133506244456
284,3.396,939.07,553.7598757584374
285,3.408,938.27,553.6063583449886
286,3.42,937.47,553.4527983486938
287,3.4320000000000004,936.67,553.3082323623967
288,3.444,935.87,553.1545896040274
289,3.456,935.07,553.0009041583928
290,3.4680000000000004,934.27,552.8562200066126
291,3.4799999999999995,933.46,552.702451595793
292,3.492,932.66,552.5486403928617
293,3.504,931.86,552.4038377853651
294,3.5159999999999996,931.06,552.2499434133063
295,3.528,930.26,552.096006143859
296,3.54,929.46,551.9420259411309
297,3.5520000000000005,928.66,551.7970641458687
298,3.5639999999999996,927.86,551.6430004994172
299,3.576,927.06,551.4888938138283
300,3.588,926.25,551.3438128790419
301,3.5999999999999996,925.45,551.1896225438211
302,3.612,924.65,551.0353890631708
303,3.624,923.85,550.8901886946254
304,3.636,923.05,550.7358713575865
305,3.6479999999999997,922.25,550.5815107683875
306,3.66,921.45,550.42710689064
307,3.672,920.65,550.2817460174379
308,3.6839999999999997,919.85,550.1272580049092
309,3.696,919.05,549.9727265965104
310,3.708,918.24,549.8272455962873
311,3.7199999999999998,917.44,549.6726298443465
312,3.7319999999999998,916.64,549.5179705887697
313,3.744,915.84,549.3632677928149
314,3.7560000000000002,915.04,549.2176253544673
315,3.768,914.24,549.0628379338743
316,3.7800000000000002,913.44,548.9080068645383
317,3.7920000000000003,912.64,548.7622435991748
318,3.804,911.84,548.6073276944084
319,3.816,911.03,548.4523680320835
320,3.8280000000000003,910.23,548.3064836384848
321,3.84,909.43,548.1514389290609
322,3.852,908.63,547.9963503528103
323,3.864,907.83,547.8412178724781
324,3.8760000000000003,907.03,547.6951706926034
325,3.888,906.23,547.5399528801529
326,3.9,905.43,547.3846910537414
327,3.9120000000000004,904.63,547.2385220358669
328,3.9239999999999995,903.83,547.0831746635972
329,3.936,903.02,546.9277831670283
330,3.948,902.22,546.7723475085403
331,3.9600000000000004,901.42,546.6260147486579
332,3.972,900.62,546.4704932564978
333,3.984,899.82,546.3149274914607
334,3.9960000000000004,899.02,546.168472176855
335,4.008,898.16,545.930398494167
336,4.02,897.28,545.6464056511322
337,4.032,896.39,545.3714330619088
338,4.044,895.51,545.0963217634109
339,4.056,894.62,544.8118941432905
340,4.0680000000000005,893.74,544.53650015403
341,4.08,892.85,544.2517799695285
342,4.092,891.96,543.9761024162734
343,4.104,891.08,543.7002850836111
344,4.1160000000000005,890.19,543.415126767741
345,4.128,889.31,543.1390245600107
346,4.14,888.42,542.8627819255986
347,4.152,887.54,542.5771834495071
348,4.164000000000001,886.65,542.3006546188194
349,4.176,885.77,542.0147599466272
350,4.188,884.88,541.7379440282913
351,4.2,884.0,541.4609865909085
352,4.212,883.11,541.174648334528
353,4.224,882.23,540.8974024711156
354,4.236,881.34,540.6107657085641
355,4.247999999999999,880.46,540.3332305161325
356,4.26,879.57,540.0555526980535
357,4.272,878.69,539.7684688827238
358,4.284000000000001,877.8,539.4905003797564
359,4.295999999999999,876.92,539.2123885817165
360,4.308,876.03,538.924855615326
361,4.32,875.14,538.6464517659056
362,4.332,874.26,538.3586165373412
363,4.344,873.37,538.0799197145346
364,4.356,872.49,537.8010784667506
365,4.367999999999999,871.6,537.5127905454901
366,4.38,870.72,537.2336549398223
367,4.392,869.83,536.9450623667192
368,4.404,868.95,536.6656314689809
369,4.4159999999999995,868.06,536.3860550014327
370,4.428,867.18,536.0970061472084
371,4.44,866.29,535.8171329847526
372,4.452,865.41,535.5371135598353
373,4.4639999999999995,864.52,535.2476062534049
374,4.476,863.64,534.9672887196001
375,4.488,862.75,534.6774728750034
376,4.5,861.87,534.3968562781783
377,4.5120000000000005,860.98,534.1160922496157
378,4.524,860.09,533.8258142877694
379,4.536,859.21,533.5447497633165
380,4.548,858.32,533.2541607901433
381,4.5600000000000005,857.44,532.9727948028867
382,4.572,856.55,532.6912801989536
383,4.584,855.67,532.4002253943926
384,4.596,854.78,532.1184078755405
385,4.6080000000000005,853.9,531.8364410229897
386,4.62,853.01,531.5449181395679
387,4.632,852.13,531.2626469082877
388,4.644,851.24,530.9708089904755
389,4.656,850.36,530.6882323926168
390,4.668,849.47,530.405505250464
391,4.68,848.59,530.113195459234
392,4.692,847.7,529.830161466861
393,4.704,846.82,529.5375340804464
394,4.716,845.93,529.2541922365849
395,4.728000000000001,845.05,528.9706986213887
396,4.74,844.16,528.6775955154521
397,4.752,843.27,528.3937925449162
398,4.764,842.39,528.1098370604358
399,4.776,841.5,527.8162559072996
400,4.788,840.62,527.5319895513446
401,4.8,839.73,527.2380866363886
402,4.812,838.85,526.9535083857019
403,4.824,837.96,526.6687763670825
404,4.836,837.08,526.3743914743574
405,4.848,836.19,526.089346024038
406,4.859999999999999,835.31,525.7946367166558
407,4.872,834.42,525.5092767972798
408,4.884,833.54,525.2237618387044
409,4.896,832.65,524.9285665688237
410,4.9079999999999995,831.77,524.642735582987
411,4.92,830.88,524.356748788456
412,4.932,830.0,524.0610651441299
413,4.944,829.11,523.7747607512222
414,4.956,828.17,523.4500931320961
415,4.968,827.17,523.0869908533379
416,4.9799999999999995,826.17,522.7140709795366
417,4.992,825.17,522.3504570688151
418,5.0040000000000004,824.17,521.9865898660616
419,5.016,823.17,521.6224688412109
420,5.028,822.18,521.2580934623462
421,5.04,821.18,520.8934631956903
422,5.0520000000000005,820.18,520.5285775055967
423,5.064,819.18,520.1634358545399
424,5.076,818.18,519.7980377031064
425,5.088,817.18,519.4323825099856
426,5.1,816.18,519.0664697319603
427,5.112,815.18,518.700298823897
428,5.124,814.19,518.333869238737
429,5.136,813.19,517.9671804274861
430,5.148,812.19,517.6002318392062
431,5.16,811.19,517.2330229210041
432,5.172000000000001,810.19,516.8655531180232
433,5.183999999999999,809.19,516.4978218734325
434,5.196,808.19,516.1298286284178
435,5.208,807.19,515.7615728221714
436,5.220000000000001,806.2,515.3930538918817
437,5.232,805.2,515.0242712727236
438,5.244,804.2,514.6552243978487
439,5.256,803.2,514.2859126983744
440,5.268,802.2,513.9163356033743
441,5.28,801.2,513.5464925398674
442,5.292,800.2,513.176382932808
443,5.303999999999999,799.2,512.8060062050756
444,5.316,798.21,512.4353617774636
445,5.328,797.21,512.0644490686694
446,5.34,796.21,511.69326749528375
447,5.351999999999999,795.21,511.32181647177936
448,5.364,794.21,510.9500954105009
449,5.376,793.21,510.5781037216539
450,5.388,792.21,510.2058408132937
451,5.4,791.21,509.8333060913145
452,5.412,790.21,509.46049895943844
453,5.4239999999999995,789.22,509.08741881920434
454,5.436,788.22,508.7140650699566
455,5.448,787.22,508.3404371088336
456,5.46,786.22,507.9665343307569
457,5.4719999999999995,785.22,507.5923561284193
458,5.484,784.22,507.2179018922735
459,5.496,783.22,506.8431710105208
460,5.508,782.22,506.45829048402396
461,5.52,781.23,506.0829971457251
462,5.532,780.23,505.70742529648504
463,5.5440000000000005,779.23,505.3315743153202
464,5.556,778.23,504.95544357893596
465,5.568,777.23,504.5790324617146
466,5.58,776.23,504.2023403357029
467,5.592,775.23,503.8253665706005
468,5.604,774.23,503.44811053374707
469,5.6160000000000005,773.24,503.07057159011003
470,5.628,772.24,502.6927491022722
471,5.64,771.24,502.3146424304193
472,5.652,770.24,501.9362509323271
473,5.664000000000001,769.24,501.5575739633487
474,5.676,768.24,501.17861087640205
475,5.688,767.24,500.7993610219566
476,5.7,766.24,500.4198237480206
477,5.712,765.25,500.039998400128
478,5.724,764.25,499.65988432132514
479,5.736,763.25,499.2794808521576
480,5.748,762.25,498.8987873306569
481,5.76,761.25,498.51780309232686
482,5.772,760.25,498.13652747013043
483,5.784000000000001,759.25,497.75495979447555
484,5.795999999999999,758.25,497.373099393202
485,5.808,757.26,496.9909455915671
486,5.82,756.26,496.60849771223207
487,5.832,755.26,496.225755075248
488,5.844,754.26,495.8427169980416
489,5.856,753.26,495.4593827954013
490,5.868,752.26,495.0757517794625
491,5.88,751.26,494.69182325969365
492,5.892,750.26,494.30759654288136
493,5.904,749.32,493.9331938632997
494,5.9159999999999995,748.47,493.5990275517163
495,5.928,747.62,493.26463485638214
496,5.94,746.78,492.9198717844514
497,5.952,745.93,492.585018042571
498,5.9639999999999995,745.08,492.24993651599385
499,5.976,744.24,491.9044622688434
500,5.988,743.39,491.5689168366934
501,6.0,742.54,491.2331422043916
502,6.012,741.69,490.8869523627614
503,6.024,740.85,490.5507109361885
504,6.036,740.0,490.2040391510458
505,6.048,739.15,489.8673289779591
506,6.0600000000000005,738.31,489.53038720798526
507,6.072,737.46,489.18299234540035
508,6.084,736.61,488.84557888969397
509,6.096,735.77,488.5079323818601
510,6.1080000000000005,734.92,488.15980989835697
511,6.12,734.07,487.8216887347261
512,6.132,733.23,487.48333304842333
513,6.144,732.38,487.134478352744
514,6.156,731.53,486.79564500927904
515,6.168,730.69,486.4565756570673
516,6.18,729.84,486.1069841094654
517,6.192,728.99,485.7674340669617
518,6.204,728.15,485.42764651387546
519,6.216,727.3,485.07731342539614
520,6.228,726.45,484.73704211665114
521,6.239999999999999,725.61,484.39653177949157
522,6.252000000000001,724.76,484.04545241123793
523,6.264,723.91,483.7044552203339
524,6.276,723.07,483.3528731682475
525,6.288,722.22,483.01138702933287
526,6.3,721.37,482.66965929090674
527,6.311999999999999,720.53,482.31732293169813
528,6.324000000000001,719.68,481.97510309143564
529,6.336,718.83,481.6326400899341
530,6.348,717.98,481.2795445476568
531,6.36,717.14,480.9365862564419
532,6.372,716.29,480.59338322536235
533,6.3839999999999995,715.44,480.2395235713112
534,6.396,714.6,479.8958220280731
535,6.4079999999999995,713.75,479.5518741491894
536,6.419999999999999,712.9,479.19724540109786
537,6.432,712.06,478.85279575251514
538,6.444,711.21,478.5080981550887
539,6.456,710.36,478.1526952763102
540,6.468,709.52,477.80749261601164
541,6.4799999999999995,708.67,477.4620403759863
542,6.492000000000001,707.82,477.10585827466
543,6.5040000000000004,706.98,476.7598976424087
544,6.516,706.13,476.41368578159046
545,6.5280000000000005,705.28,476.0567193097898
546,6.54,704.44,475.70999569065185
547,6.552,703.59,475.35250078231417
548,6.564,702.74,475.0052631287363
549,6.576,701.9,474.65777145223274
550,6.587999999999999,701.05,474.2994834490124
551,6.6000000000000005,700.2,473.9514743093432
552,6.612,699.36,473.6032094485847
553,6.624,698.51,473.24412304855935
554,6.636,697.66,472.8953372576219
555,6.648,696.81,472.54629402842636
556,6.660000000000001,695.97,472.18640387033594
557,6.672000000000001,695.12,471.83683620505934
558,6.683999999999999,694.27,471.48700936505134
559,6.696000000000001,693.43,471.1263100273641
560,6.708,692.58,470.77595520587073
561,6.72,691.73,470.425339453563
562,6.732,690.89,470.06382545352284
563,6.744,690.04,469.7126781341973
564,6.755999999999999,689.19,469.3612681080534
565,6.768000000000001,688.35,468.9989339007073
566,6.78,687.5,468.6469886812461
567,6.792,686.65,468.2841018014598
568,6.804,685.81,467.9316189359296
569,6.816,684.96,467.57887035237167
570,6.827999999999999,684.11,467.2151538638275
571,6.84,683.27,466.8618639383603
572,6.851999999999999,682.32,466.45471377187306
573,6.864000000000001,680.91,465.7896520963084
574,6.876,679.49,465.12363947664494
575,6.888,678.07,464.45667182203334
576,6.9,676.65,463.7887450122092
577,6.912,675.23,463.11985489719615
578,6.9239999999999995,673.81,462.46080915035384
579,6.936000000000001,672.39,461.7899955607527
580,6.948,670.97,461.1182061033808
581,6.959999999999999,669.56,460.4454365068678
582,6.972,668.14,459.77168246859225
583,6.984,666.72,459.096939654361
584,6.9959999999999996,665.3,458.42120369808373
585,7.008,663.88,457.7444702014433
586,7.02,662.46,457.06673473356165
587,7.031999999999999,661.04,456.3879928306616
588,7.0440000000000005,659.62,455.7082399957236
589,7.056,658.21,455.03845991300557
590,7.0680000000000005,656.79,454.35668807666957
591,7.08,655.37,453.67389168873274
592,7.092,653.95,452.990066116245
593,7.104000000000001,652.53,452.3052066912341
594,7.116,651.11,451.61930871033405
595,7.127999999999999,649.69,450.93236743440804
596,7.140000000000001,648.28,450.2443780881667
597,7.152,646.86,449.5553358597804
598,7.164,645.44,448.86523590048716
599,7.176,644.02,448.17407332419396
600,7.188,642.6,447.49301670528894
601,7.199999999999999,641.18,446.79973142337496
602,7.212000000000001,639.76,446.10536871909534
603,7.224,638.34,445.40992355357326
604,7.236,637.41,444.8932456219132
605,7.248,636.53,444.3872185380673
606,7.26,635.64,443.8806145800918
607,7.272,634.75,443.3734317705561
608,7.284,633.86,442.8656681207068
609,7.295999999999999,632.97,442.3686245655313
610,7.308000000000001,632.09,441.8597062416984
611,7.32,631.2,441.3502010875264
612,7.332,630.31,440.8401070683111
613,7.344,629.42,440.3294221375628
614,7.356,628.54,439.82951242498496
615,7.367999999999999,627.65,439.31765272977594
616,7.380000000000001,626.76,438.80519595829765
617,7.392,625.87,438.2921400162225
618,7.404,624.99,437.77848279695064
619,7.416,624.1,437.2642221815089
620,7.428,623.21,436.76080410219964
621,7.4399999999999995,622.32,436.24534381469334
622,7.452,621.44,435.72927374689897
623,7.4639999999999995,620.55,435.21259172960515
624,7.475999999999999,619.66,434.69529558070906
625,7.488,618.77,434.1888989829196
626,7.5,617.89,433.67038174170943
627,7.5120000000000005,617.0,433.15124379366614
628,7.524,616.11,432.6314829043305
629,7.536,615.22,432.11109682580474
630,7.548000000000001,614.34,431.6016682080828
631,7.5600000000000005,613.45,431.0800389718828
632,7.571999999999999,612.56,430.55777777204304
633,7.5840000000000005,611.67,430.03488230607525
634,7.596,610.78,429.5113502574757
635,7.608,609.96,429.0454521376494
636,7.62,609.16,428.6023798347368
637,7.632,608.36,428.1588490268536
638,7.643999999999999,607.56,427.7265481589844
639,7.656000000000001,606.76,427.2821082142336
640,7.668,605.96,426.8372055011137
641,7.68,605.16,426.39183857104956
642,7.692,604.36,425.9460059678926
643,7.704,603.56,425.49970622786566
644,7.716000000000001,602.76,425.0647009573954
645,7.728,601.96,424.6174749112429
646,7.739999999999999,601.16,424.16977732978575
647,7.752000000000001,600.36,423.7216067183735
648,7.764,599.56,423.2729615744431
649,7.776,598.76,422.8238403874597
650,7.788,597.96,422.3860793160684
651,7.8,597.17,421.9360141064045
652,7.811999999999999,596.37,421.48546831415194
653,7.824000000000001,595.57,421.03444039650725
654,7.836,594.77,420.58292880239446
655,7.847999999999999,593.97,420.1309319724031
656,7.86,593.17,419.6903620527877
657,7.872,592.37,419.23740291152455
658,7.8839999999999995,591.57,418.78395384732687
659,7.896,590.77,418.33001326703777
660,7.9079999999999995,589.97,417.8755795688473
661,7.920000000000001,589.17,417.42065114222606
662,7.932,588.37,416.96522636785915
663,7.944,587.57,416.5213079783554
664,7.956,586.77,416.06489878383155
665,7.968,585.97,415.6079883736596
666,7.9799999999999995,585.13,415.0903516103452
667,7.992000000000001,584.23,414.475572259693
668,8.004,583.32,413.871960876791
669,8.016,582.42,413.25536899113604
670,8.028,581.52,412.6499727371856
671,8.04,580.61,412.0315521898778
672,8.052,579.71,411.42435513712604
673,8.064,578.81,410.80408956094874
674,8.076,577.9,410.19507554333217
675,8.088,577.0,409.5729483254479
676,8.1,576.1,408.96210093357064
677,8.112,575.19,408.33809521032936
678,8.124,574.29,407.7253977863042
679,8.136000000000001,573.39,407.09949643791015
680,8.148,572.48,406.4849320700584
681,8.16,571.58,405.8571177150895
682,8.172,570.68,405.2283306976451
683,8.184,569.77,404.6109242222706
684,8.196,568.87,403.9801975344831
685,8.208,567.97,403.3608806019741
686,8.219999999999999,567.06,402.7281961819907
687,8.232000000000001,566.16,402.106950947133
688,8.244,565.26,401.4722904510347
689,8.256,564.35,400.849098789058
690,8.268,563.45,400.2124435846542
691,8.28,562.55,399.5872870850623
692,8.292,561.64,398.9486182455079
693,8.304,560.74,398.3214782057327
694,8.315999999999999,559.84,397.6807765029635
695,8.328000000000001,558.93,397.0516339218364
696,8.34,558.03,396.40887981981433
697,8.352,557.2,395.8156136384718
698,8.364,556.75,395.4491117704021
699,8.376,556.31,395.08226991349534
700,8.388,555.86,394.72775428135276
701,8.4,555.41,394.3602414037196
702,8.412,554.97,393.9923857132267
703,8.424,554.52,393.62418624876193
704,8.436,554.07,393.2556420447137
705,8.448,553.62,392.88675213094166
706,8.459999999999999,553.18,392.51751553274664
707,8.472,552.73,392.1479312708407
708,8.484,552.28,391.77799836131686
709,8.495999999999999,551.83,391.42049001042346
710,8.508000000000001,551.39,391.0498689425685
711,8.52,550.94,390.67889628184423
712,8.532,550.49,390.30757102572323
713,8.544,550.04,389.9358921669048
714,8.556,549.6,389.5638586932828
715,8.568000000000001,549.15,389.1914695879138
716,8.58,548.7,388.81872382898433
717,8.591999999999999,548.26,388.44562038977864
718,8.604000000000001,547.81,388.0850422265718
719,8.616,547.36,387.71123274932336
720,8.628,546.91,387.33706251790574
721,8.64,546.47,386.962530485834
722,8.652,546.02,386.58763560155415
723,8.664,545.57,386.21237680840835
724,8.676,545.12,385.83675304460047
725,8.688,544.68,385.4607632431607
726,8.7,544.23,385.08440633191054
727,8.712,543.78,384.72067789501517
728,8.724,543.34,384.34359627812194
729,8.735999999999999,542.89,383.96614434087803
730,8.748000000000001,542.44,383.5883209900948
731,8.76,541.99,383.21012512719443
732,8.772,541.55,382.83155564817275
733,8.784,541.1,382.45261144356175
734,8.796,540.65,382.07329139839123
735,8.808,540.2,381.69359439215117
736,8.82,539.76,381.3266316427427
737,8.831999999999999,539.31,380.94619042589204
738,8.844000000000001,538.86,380.56536889212606
739,8.856,538.42,380.18416589858134
740,8.868,537.97,379.80258029665885
741,8.88,537.52,379.420610931984
742,8.892,537.07,379.0382566443657
743,8.904,536.63,378.65551626775493
744,8.916,536.18,378.27238863020386
745,8.927999999999999,535.73,377.9021037252902
746,8.94,535.28,377.5182114812476
747,8.952,534.84,377.1339284657375
748,8.964,534.39,376.7492534830029
749,8.976,533.94,376.36418533117626
750,8.988,533.5,375.97872280223515
751,9.0,533.05,375.59286468195853
752,9.012,532.6,375.2066097498817
753,9.024000000000001,532.15,374.8199567792515
754,9.036,531.71,374.44625782613986
755,9.048,531.26,374.0588189041932
756,9.06,530.81,373.6709782683156
757,9.072,530.36,373.2827346663652
758,9.084,529.92,372.8940868396816
759,9.096,529.47,372.50503352303843
760,9.107999999999999,529.02,372.1155734445953
761,9.120000000000001,528.58,371.7257053258491
762,9.132,528.13,371.33542788158525
763,9.144,527.68,370.9582186715911
764,9.156,527.23,370.56713291925934
765,9.168,526.79,370.17563399013716
766,9.180000000000001,526.34,369.78372057190404
767,9.192,525.89,369.39139134527755
768,9.203999999999999,525.44,368.998644983962
769,9.216000000000001,525.0,368.6054801545956
770,9.228,524.55,368.21189551669835
771,9.24,524.1,367.817889722618
772,9.252,523.66,367.43706944182975
773,9.264,523.21,367.04223190254277
774,9.276,522.76,366.64696916789046
775,9.288,522.31,366.251279861245
776,9.3,521.87,365.8551625985343
777,9.312,521.41,365.45861598818544
778,9.324,520.92,364.99315062066574
779,9.336,520.43,364.5408070436011
780,9.347999999999999,519.94,364.0879014743555
781,9.36,519.45,363.6344318130504
782,9.372,518.96,363.18039594669756
783,9.384,518.47,362.712006969717
784,9.396,517.98,362.2568149807537
785,9.408,517.49,361.8010503025109
786,9.42,517.0,361.3447107679867
787,9.432,516.51,360.88779419647875
788,9.443999999999999,516.02,360.416425818802
789,9.456000000000001,515.53,359.9583309217888
790,9.468,515.04,359.4996522946858
791,9.48,514.55,359.0403877003254
792,9.492,514.06,358.58053488721333
793,9.504,513.57,358.10612952028623
794,9.516,513.08,357.6450754588968
795,9.528,512.59,357.1834262672332
796,9.54,512.1,356.72117963473937
797,9.552,511.61,356.2583332358697
798,9.564,511.12,355.7808314116993
799,9.576,510.63,355.31676008879737
800,9.588000000000001,510.14,354.85208185947
801,9.6,509.65,354.38679433635787
802,9.612,509.16,353.92089511640876
803,9.624,508.67,353.44023540055537
804,9.636,508.18,352.97308679274687
805,9.648,507.69,352.5053191088044
806,9.66,507.2,352.03692988094303
807,9.672,506.71,351.5679166249389
808,9.684,506.22,351.08403552426023
809,9.696,505.73,350.61374759127744
810,9.708,505.24,350.14282800023193
811,9.719999999999999,504.75,349.6712741990683
812,9.732000000000001,504.26,349.1990836184998
813,9.744,503.77,348.7119154832539
814,9.756,503.28,348.2384240717845
815,9.768,502.79,347.7642879882867
816,9.78,502.3,347.28950459235017
817,9.792,501.81,346.8140712254911
818,9.804,501.32,346.3235481453723
819,9.815999999999999,500.83,345.84678688691037
820,9.828000000000001,500.34,345.36936748935915
821,9.84,499.85,344.8912872196107
822,9.852,499.36,344.41254332558793
823,9.864,498.87,343.91859501922835
824,9.876,498.38,343.4384952214879
825,9.888,497.89,342.9577233421052
826,9.9,497.4,342.47627655065395
827,9.912,496.91,341.99415199678486
828,9.924,496.42,341.4967056942131
829,9.936,495.93,341.0131962256006
830,9.948,495.44,340.5290002334603
831,9.959999999999999,494.95,340.04411478512606
832,9.972,494.46,339.5585369269929
833,9.984,493.97,339.0575172444935
834,9.995999999999999,493.48,338.57052441108925
835,10.008000000000001,492.99,338.0828300875393
836,10.02,492.49,337.594431233692
837,10.032,492.0,337.10532478737264
838,10.044,491.51,336.61550766415974
839,10.056,491.02,336.1101010085832
840,10.068000000000001,490.53,335.6188314144485
841,10.08,490.04,335.126841658498
842,10.091999999999999,489.55,334.6341285643172
843,10.104000000000001,489.06,334.14068893207246
844,10.116,488.57,333.63153328185274
845,10.128,488.08,333.1366086157449
846,10.14,487.59,332.6409475695979
847,10.152,487.1,332.14454684670045
848,10.164,486.61,331.647403125669
849,10.176,486.12,331.13441379596895
850,10.188,485.63,330.6357512429652
851,10.2,485.14,330.1363354736949
852,10.212,484.65,329.6361630646735
853,10.224,484.16,329.1352305664041
854,10.236,483.67,328.61831963540925
855,10.248,483.18,328.1158332052874
856,10.26,482.69,327.6125760711881
857,10.272,482.2,327.10854467592253
858,10.284,481.71,326.60373543485383
859,10.296,481.22,326.08281156785927
860,10.308,480.73,325.5764119219941
861,10.32,480.26,325.13074293274695
862,10.331999999999999,479.78,324.6690622772672
863,10.344000000000001,479.31,324.2221460665511
864,10.356,478.83,323.77461296401856
865,10.367999999999999,478.36,323.31099579197735
866,10.38,477.88,322.86219970755326
867,10.392,477.41,322.41277890307015
868,10.404,476.94,321.94720064010494
869,10.416,476.46,321.4965007585619
870,10.427999999999999,475.99,321.04516816174015
871,10.440000000000001,475.51,320.5776037093047
872,10.452,475.04,320.1249755954696
873,10.464,474.57,319.6717065991296
874,10.476,474.09,319.2021303187057
875,10.488,473.62,318.74754901018457
876,10.5,473.14,318.2923184747002
877,10.512,472.67,317.82070417139283
878,10.524000000000001,472.19,317.3641441625062
879,10.536,471.72,316.90692639953454
880,10.548,471.25,316.4490480314327
881,10.56,470.77,315.97784732477686
882,10.572,470.3,315.5138665732459
883,10.584,469.82,315.0492025065291
884,10.596,469.35,314.58226269133485
885,10.607999999999999,468.87,314.1162205299179
886,10.620000000000001,468.4,313.6494858914964
887,10.632,467.93,313.18205568007886
888,10.644,467.45,312.71392677653483
889,10.656,466.98,312.24349472807273
890,10.668,466.5,311.7739565775179
891,10.68,466.03,311.3037102252397
892,10.692,465.56,310.8327524570086
893,10.703999999999999,465.08,310.3610800342079
894,10.716000000000001,464.61,309.8870762068015
895,10.728,464.13,309.4139621930465
896,10.74,463.66,308.94012364858014
897,10.752,463.18,308.46555723451524
898,10.764,462.71,307.9902595862408
899,10.776,462.24,307.5126013678139
900,10.788,461.76,307.0358285282029
901,10.8,461.29,306.55831419160694
902,10.812,460.81,306.08005488760614
903,10.824,460.34,305.60104711862493
904,10.836,459.86,305.1196486626189
905,10.847999999999999,459.39,304.63913077607083
906,10.86,458.92,304.15785375360605
907,10.872,458.44,303.67581398590175
908,10.884,457.97,303.19300783494333
909,10.896,457.49,302.70777988020063
910,10.908,457.02,302.2234272851792
911,10.92,456.55,301.7382972047135
912,10.932,456.07,301.25238588266814
913,10.943999999999999,455.6,300.76568953256617
914,10.956000000000001,455.12,300.2765392101088
915,10.968,454.65,299.7882586093058
916,10.979999999999999,454.17,299.2991814222017
917,10.992,453.7,298.8093037373502
918,11.004,453.23,298.3186216111894
919,11.016,452.75,297.8254522367086
920,11.028,452.28,297.33314648723575
921,11.04,451.8,296.84002425549016
922,11.052,451.33,296.346081465573
923,11.064,450.85,295.85131400756023
924,11.076,450.38,295.35402485830457
925,11.088000000000001,449.91,294.85759274605766
926,11.1,449.43,294.3603234133296
927,11.112,448.96,293.8622126099237
928,11.124,448.48,293.3632560495605
929,11.136,448.01,292.8617421241634
930,11.148,447.54,292.36107812087437
931,11.16,447.06,291.8595552658847
932,11.172,446.59,291.35716912408384
933,11.184,446.11,290.8539152220578
934,11.196,445.64,290.3480669816832
935,11.208,445.16,289.8430609830085
936,11.219999999999999,444.69,289.3371735536241
937,11.232000000000001,444.22,288.83040006204334
938,11.244,443.74,288.32273583607656
939,11.256,443.27,287.81243892507496
940,11.268,442.79,287.3029759678796
941,11.28,442.32,286.79260799399975
942,11.292,441.84,286.28133016318054
943,11.304,441.37,285.769137591868
944,11.315999999999999,440.9,285.2542725359254
945,11.328000000000001,440.42,284.74023249270556
946,11.34,439.95,284.22526277584825
947,11.352,439.5,283.7780823108085
948,11.364,439.08,283.3796040649362
949,11.376,438.66,282.98056470365594
950,11.388,438.24,282.5809618498741
951,11.4,437.81,282.1807931096658
952,11.411999999999999,437.39,281.7800560721074
953,11.424,436.97,281.3787483091074
954,11.436,436.55,280.9768673752343
955,11.448,436.12,280.5744108075432
956,11.459999999999999,435.7,280.1713761253994
957,11.472,435.28,279.7677608303001
958,11.484,434.86,279.36356240569387
959,11.496,434.43,278.95698593152315
960,11.508000000000001,434.01,278.5516110167019
961,11.52,433.59,278.14564530116235
962,11.532,433.17,277.73908619421934
963,11.544,432.74,277.3319310861986
964,11.556,432.32,276.92417734824096
965,11.568000000000001,431.9,276.5158223321045
966,11.58,431.48,276.10686336996406
967,11.591999999999999,431.05,275.6972977742074
968,11.604000000000001,430.63,275.28712283722973
969,11.616,430.21,274.8763358312243
970,11.628,429.79,274.46493400797124
971,11.64,429.36,274.05291459862275
972,11.652,428.94,273.64027481348575
973,11.664,428.52,273.22701184180164
974,11.676,428.1,272.8131228515227
975,11.688,427.67,272.3986049890858
976,11.700000000000001,427.25,271.98345537918294
977,11.712,426.83,271.5676711245284
978,11.724,426.41,271.1512493056228
979,11.736,425.98,270.73418698051415
980,11.748,425.56,270.31648118455524
981,11.76,425.14,269.89812893015767
982,11.772,424.72,269.47912720654267
983,11.784,424.29,269.0594729794883
984,11.796,423.87,268.63916319107307
985,11.808,423.45,268.21819475941595
986,11.82,423.03,267.79656457841276
987,11.831999999999999,422.6,267.3742695174687
988,11.844000000000001,422.18,266.95130642122734
989,11.856,421.76,266.5276721092952
990,11.867999999999999,421.34,266.101484400219
991,11.88,420.91,265.6764950084971
992,11.892,420.49,265.25082469240317
993,11.904,420.07,264.8244701684495
994,11.916,419.65,264.39742812667447
995,11.927999999999999,419.22,263.96969523034267
996,11.940000000000001,418.8,263.54126811564066
997,11.952,418.38,263.11214339136836
998,11.964,417.96,262.682317638626
999,11.976,417.53,262.25178741049604
1000,11.988,417.11,261.8205492317209
1001,12.0,416.69,261.3885995983758
