cm,K,mol/mol,mol/mol,mol/mol,mol/mol,mol/mol,mol/mol,mol/mol,kg/kg,cm,kW/m2,kW/m2,cm,kW/m2,cm,kW/m2
z,T_CL,X_O2,X_CO2,X_CO,X_FUEL,X_H2O,X_H2,X_N2,Y_Soot,r_rad1,HF,radHF,z_rad,HF_vert,r_rad2,HF_hori
 2.5000000E-001, 5.4263930E+002, 5.3616371E-004, 1.3436199E-002, 1.8570226E-002, 7.4995115E-001, 6.0048793E-002, 1.8570226E-002, 1.3888724E-001, 0.0000000E+000,-4.0000000E+000, 1.7319182E+001, 1.2006507E+001, 0.0000000E+000, 5.9359874E-001, 1.6155494E+001, 2.8128839E+000
 7.5000000E-001, 6.9254330E+002, 1.5987335E-003, 2.3996777E-002, 2.9524394E-002, 5.7604958E-001, 1.0082628E-001, 2.9524394E-002, 2.3847984E-001, 0.0000000E+000,-3.0000000E+000, 1.6402716E+001, 1.1962496E+001, 6.6964286E-001, 5.6448452E-001, 1.6747753E+001, 2.5898434E+000
 1.2500000E+000, 7.9675749E+002, 3.1346460E-003, 3.1294453E-002, 3.5290568E-002, 4.6477324E-001, 1.2583439E-001, 3.5290568E-002, 3.0438214E-001, 0.0000000E+000,-2.0000000E+000, 1.6048652E+001, 1.1922195E+001, 1.3392857E+000, 5.3675966E-001, 1.7340086E+001, 2.3095899E+000
 1.7500000E+000, 8.7539401E+002, 4.6799726E-003, 3.6863416E-002, 3.8249189E-002, 3.8824525E-001, 1.4237927E-001, 3.8249189E-002, 3.5133371E-001, 0.0000000E+000,-1.0000000E+000, 1.5635007E+001, 1.1914564E+001, 2.0089286E+000, 4.9973261E-001, 1.7932488E+001, 2.1627692E+000
 2.2500000E+000, 9.3199861E+002, 5.9496674E-003, 4.1118581E-002, 3.9753079E-002, 3.3468596E-001, 1.5368614E-001, 3.9753079E-002, 3.8505349E-001, 0.0000000E+000,-5.0000000E-003, 1.5708356E+001, 1.2043801E+001, 2.6785714E+000, 4.9911561E-001, 1.8524952E+001, 1.9642640E+000
 2.7500000E+000, 9.7489265E+002, 6.6956827E-003, 4.4628268E-002, 4.0438533E-002, 2.9586510E-001, 1.6202647E-001, 4.0438533E-002, 4.0990741E-001, 0.0000000E+000, 1.0000000E+000, 1.6408029E+001, 1.2245920E+001, 3.3482143E+000, 5.1648936E-001, 1.9117472E+001, 1.8541617E+000
 3.2500000E+000, 1.0073177E+003, 7.3701177E-003, 4.7408509E-002, 4.0754779E-002, 2.6631374E-001, 1.6823446E-001, 4.0754779E-002, 4.2916361E-001, 0.0000000E+000, 2.0000000E+000, 1.8434546E+001, 1.2425710E+001, 4.0178571E+000, 6.0284578E-001, 1.9710042E+001, 1.7011454E+000
 3.7500000E+000, 1.0332481E+003, 8.1097376E-003, 4.9665001E-002, 4.0823827E-002, 2.4273466E-001, 1.7294514E-001, 4.0823827E-002, 4.4489780E-001, 0.0000000E+000, 3.0000000E+000, 1.9931400E+001, 1.2345909E+001, 4.6875000E+000, 6.5882495E-001, 2.0302659E+001, 1.5665954E+000
 4.2500000E+000, 1.0546919E+003, 8.9318756E-003, 5.1638544E-002, 4.0610780E-002, 2.2320415E-001, 1.7658545E-001, 4.0610780E-002, 4.5841842E-001, 0.0000000E+000, 4.0000000E+000, 2.0693969E+001, 1.2118988E+001, 5.3571429E+000, 7.1076574E-001, 2.0895318E+001, 1.4904001E+000
 4.7500000E+000, 1.0731374E+003, 9.7802347E-003, 5.3427904E-002, 4.0224484E-002, 2.0636717E-001, 1.7954682E-001, 4.0224484E-002, 4.7042890E-001, 0.0000000E+000, 5.0000000E+000, 2.1605850E+001, 1.1815105E+001, 6.0267857E+000, 7.7434874E-001, 2.1488016E+001, 1.3801160E+000
 5.2500000E+000, 1.0895962E+003, 1.0719823E-002, 5.5009706E-002, 3.9755527E-002, 1.9147651E-001, 1.8194305E-001, 3.9755527E-002, 4.8133986E-001, 0.0000000E+000, 6.0000000E+000, 2.2285510E+001, 1.1636987E+001, 6.6964286E+000, 7.8109875E-001, 2.2080750E+001, 1.3174237E+000
 5.7500000E+000, 1.1041457E+003, 1.1781937E-002, 5.6394365E-002, 3.9242932E-002, 1.7801700E-001, 1.8386475E-001, 3.9242932E-002, 4.9145608E-001, 0.0000000E+000, 7.0000000E+000, 2.4377472E+001, 1.1232002E+001, 7.3660714E+000, 7.7341883E-001, 2.2673517E+001, 1.2258007E+000
 6.2500000E+000, 1.1173196E+003, 1.2940186E-002, 5.7606040E-002, 3.8707032E-002, 1.6576188E-001, 1.8539632E-001, 3.8707032E-002, 5.0088151E-001, 0.0000000E+000, 8.0000000E+000, 2.6903960E+001, 1.0401147E+001, 8.0357143E+000, 7.3158065E-001, 2.3266315E+001, 1.1433060E+000
 6.7500000E+000, 1.1291118E+003, 1.4172683E-002, 5.8720240E-002, 3.8063121E-002, 1.5475897E-001, 1.8654087E-001, 3.8063121E-002, 5.0968100E-001, 0.0000000E+000, 9.0000000E+000, 2.7409845E+001, 9.7316204E+000, 8.7053571E+000, 7.0604530E-001, 2.3859140E+001, 1.0961851E+000
 7.2500000E+000, 1.1392644E+003, 1.5522429E-002, 5.9690581E-002, 3.7364132E-002, 1.4483131E-001, 1.8729861E-001, 3.7364132E-002, 5.1792880E-001, 0.0000000E+000, 1.0000000E+001, 2.6952170E+001, 9.0197645E+000, 9.3750000E+000, 6.8201460E-001, 2.4451992E+001, 1.0263501E+000
 7.7500000E+000, 1.1483267E+003, 1.6941273E-002, 6.0557796E-002, 3.6627832E-002, 1.3573059E-001, 1.8778263E-001, 3.6627832E-002, 5.2573204E-001, 0.0000000E+000, 1.1000000E+001, 2.6543043E+001, 8.6629113E+000, 1.0044643E+001, 6.4634179E-001, 2.5044868E+001, 9.8607402E-001
 8.2500000E+000, 1.1566520E+003, 1.8394564E-002, 6.1335165E-002, 3.5888142E-002, 1.2726791E-001, 1.8807914E-001, 3.5888142E-002, 5.3314694E-001, 0.0000000E+000, 1.2000000E+001, 2.4317814E+001, 7.6042336E+000, 1.0714286E+001, 6.3643924E-001, 2.5637767E+001, 9.2631476E-001
 8.7500000E+000, 1.1646025E+003, 1.9850042E-002, 6.2069864E-002, 3.5123799E-002, 1.1933857E-001, 1.8824563E-001, 3.5123799E-002, 5.4024829E-001, 0.0000000E+000, 1.3000000E+001, 2.0906139E+001, 6.7812837E+000, 1.1383929E+001, 6.3186949E-001, 2.6230687E+001, 8.7169714E-001
 9.2500000E+000, 1.1718950E+003, 2.1345846E-002, 6.2772223E-002, 3.4293133E-002, 1.1196482E-001, 1.8823016E-001, 3.4293133E-002, 5.4710069E-001, 0.0000000E+000, 1.4000000E+001, 1.8210675E+001, 6.2778024E+000, 1.2053571E+001, 6.3631212E-001, 2.6823627E+001, 8.3995062E-001
 9.7500000E+000, 1.1784589E+003, 2.2902341E-002, 6.3415841E-002, 3.3419652E-002, 1.0511231E-001, 1.8802108E-001, 3.3419652E-002, 5.5370912E-001, 0.0000000E+000, 1.5000000E+001, 1.0740943E+001, 2.9052640E+000, 1.2723214E+001, 6.4355660E-001, 2.7416584E+001, 7.9256576E-001
 1.0250000E+001, 1.1844220E+003, 2.4494371E-002, 6.3958330E-002, 3.2588078E-002, 9.8670814E-002, 1.8768163E-001, 3.2588078E-002, 5.6001870E-001, 0.0000000E+000,NaN,NaN,NaN, 1.3392857E+001, 6.5281456E-001, 2.8009560E+001, 7.6482139E-001
 1.0750000E+001, 1.1895261E+003, 2.6157218E-002, 6.4415054E-002, 3.1758851E-002, 9.2617748E-002, 1.8717373E-001, 3.1758851E-002, 5.6611855E-001, 0.0000000E+000,NaN,NaN,NaN, 1.4062500E+001, 6.7348837E-001, 2.8602551E+001, 7.2339945E-001
 1.1250000E+001, 1.1936691E+003, 2.7928376E-002, 6.4758661E-002, 3.0940320E-002, 8.6952089E-002, 1.8645736E-001, 3.0940320E-002, 5.7202287E-001, 0.0000000E+000,NaN,NaN,NaN, 1.4732143E+001, 6.8322466E-001, 2.9195557E+001, 6.8504581E-001
 1.1750000E+001, 1.1968691E+003, 2.9832950E-002, 6.4993603E-002, 3.0114224E-002, 8.1644163E-002, 1.8550976E-001, 3.0114224E-002, 5.7779108E-001, 0.0000000E+000,NaN,NaN,NaN, 1.5401786E+001, 6.9400430E-001, 2.9788578E+001, 6.6252893E-001
 1.2250000E+001, 1.1991214E+003, 3.1891000E-002, 6.5124667E-002, 2.9256284E-002, 7.6727922E-002, 1.8429812E-001, 2.9256284E-002, 5.8344573E-001, 0.0000000E+000,NaN,NaN,NaN, 1.6071429E+001, 7.0529863E-001, 3.0381612E+001, 6.2861225E-001
 1.2750000E+001, 1.2005291E+003, 3.4056187E-002, 6.5174997E-002, 2.8370181E-002, 7.2198228E-002, 1.8287501E-001, 2.8370181E-002, 5.8895522E-001, 0.0000000E+000,NaN,NaN,NaN, 1.6741071E+001, 7.0786841E-001, 3.0974659E+001, 6.0862356E-001
 1.3250000E+001, 1.2011845E+003, 3.6292615E-002, 6.5161836E-002, 2.7462575E-002, 6.8030143E-002, 1.8128651E-001, 2.7462575E-002, 5.9430375E-001, 0.0000000E+000,NaN,NaN,NaN, 1.7410714E+001, 7.0840380E-001, 3.1567718E+001, 5.7847938E-001
 1.3750000E+001, 1.2011354E+003, 3.8606258E-002, 6.5082055E-002, 2.6541705E-002, 6.4164125E-002, 1.7954092E-001, 2.6541705E-002, 5.9952323E-001, 0.0000000E+000,NaN,NaN,NaN, 1.8080357E+001, 7.0415191E-001, 3.2160788E+001, 5.5036226E-001
 1.4250000E+001, 1.2005685E+003, 4.0930219E-002, 6.4949950E-002, 2.5634356E-002, 6.0606914E-002, 1.7771331E-001, 2.5634356E-002, 6.0453089E-001, 0.0000000E+000,NaN,NaN,NaN, 1.8750000E+001, 6.9995131E-001, 3.2753869E+001, 5.3376670E-001
 1.4750000E+001, 1.1996663E+003, 4.3317611E-002, 6.4746225E-002, 2.4752449E-002, 5.7187846E-002, 1.7578659E-001, 2.4752449E-002, 6.0945683E-001, 0.0000000E+000,NaN,NaN,NaN, 1.9419643E+001, 6.9482588E-001, 3.3346960E+001, 5.0865527E-001
 1.5250000E+001, 1.1975690E+003, 4.5687339E-002, 6.4436980E-002, 2.3965268E-002, 5.4099378E-002, 1.7381289E-001, 2.3965268E-002, 6.1403288E-001, 0.0000000E+000,NaN,NaN,NaN, 2.0089286E+001, 6.8318734E-001, 3.3940060E+001, 4.9374979E-001
 1.5750000E+001, 1.1951428E+003, 4.8107564E-002, 6.4061370E-002, 2.3211103E-002, 5.1111877E-002, 1.7176386E-001, 2.3211103E-002, 6.1853312E-001, 0.0000000E+000,NaN,NaN,NaN, 2.0758929E+001, 6.7730240E-001, 3.4533170E+001, 4.7124687E-001
 1.6250000E+001, 1.1923934E+003, 5.0561872E-002, 6.3644949E-002, 2.2463116E-002, 4.8271651E-002, 1.6964363E-001, 2.2463116E-002, 6.2295167E-001, 0.0000000E+000,NaN,NaN,NaN, 2.1428571E+001, 6.7172283E-001, 3.5126288E+001, 4.4981021E-001
 1.6750000E+001, 1.1892554E+003, 5.3068967E-002, 6.3167370E-002, 2.1735727E-002, 4.5563927E-002, 1.6743675E-001, 2.1735727E-002, 6.2729154E-001, 0.0000000E+000,NaN,NaN,NaN, 2.2098214E+001, 6.6220613E-001, 3.5719414E+001, 4.3722798E-001
 1.7250000E+001, 1.1856883E+003, 5.5594708E-002, 6.2635119E-002, 2.1045733E-002, 4.2977119E-002, 1.6518539E-001, 2.1045733E-002, 6.3151620E-001, 0.0000000E+000,NaN,NaN,NaN, 2.2767857E+001, 6.5848188E-001, 3.6312548E+001, 4.1821434E-001
 1.7750000E+001, 1.1817306E+003, 5.8148525E-002, 6.2066805E-002, 2.0361457E-002, 4.0528382E-002, 1.6287153E-001, 2.0361457E-002, 6.3566184E-001, 0.0000000E+000,NaN,NaN,NaN, 2.3437500E+001, 6.5548884E-001, 3.6905690E+001, 4.0681370E-001
 1.8250000E+001, 1.1775424E+003, 6.0686661E-002, 6.1484580E-002, 1.9684007E-002, 3.8226980E-002, 1.6054124E-001, 1.9684007E-002, 6.3969253E-001, 0.0000000E+000,NaN,NaN,NaN, 2.4107143E+001, 6.5150838E-001, 3.7498839E+001, 3.8960451E-001
 1.8750000E+001, 1.1729418E+003, 6.3193221E-002, 6.0900742E-002, 1.9011239E-002, 3.6057399E-002, 1.5821536E-001, 1.9011239E-002, 6.4361080E-001, 0.0000000E+000,NaN,NaN,NaN, 2.4776786E+001, 6.5033005E-001, 3.8091994E+001, 3.6922809E-001
 1.9250000E+001, 1.1680511E+003, 6.5695210E-002, 6.0325333E-002, 1.8313227E-002, 3.4014724E-002, 1.5586190E-001, 1.8313227E-002, 6.4747638E-001, 0.0000000E+000,NaN,NaN,NaN, 2.5446429E+001, 6.4952358E-001, 3.8685156E+001, 3.5418273E-001
 1.9750000E+001, 1.1626487E+003, 6.8243444E-002, 5.9709498E-002, 1.7617088E-002, 3.2088245E-002, 1.5343064E-001, 1.7617088E-002, 6.5129400E-001, 0.0000000E+000,NaN,NaN,NaN, 2.6116071E+001, 6.4845498E-001, 3.9278324E+001, 3.3994365E-001
 2.0250000E+001, 1.1567985E+003, 7.0803080E-002, 5.9040615E-002, 1.6965554E-002, 3.0252341E-002, 1.5097081E-001, 1.6965554E-002, 6.5500205E-001, 0.0000000E+000,NaN,NaN,NaN, 2.6785714E+001, 6.4791178E-001, 3.9871497E+001, 3.3132977E-001
 2.0750000E+001, 1.1507128E+003, 7.3318103E-002, 5.8349542E-002, 1.6359542E-002, 2.8500741E-002, 1.4854555E-001, 1.6359542E-002, 6.5856698E-001, 0.0000000E+000,NaN,NaN,NaN, 2.7455357E+001, 6.4719123E-001, 4.0464677E+001, 3.1832200E-001
 2.1250000E+001, 1.1445881E+003, 7.5772149E-002, 5.7677116E-002, 1.5760024E-002, 2.6833061E-002, 1.4616846E-001, 1.5760024E-002, 6.6202917E-001, 0.0000000E+000,NaN,NaN,NaN, 2.8125000E+001, 6.4479936E-001, 4.1057862E+001, 3.1043784E-001
 2.1750000E+001, 1.1382099E+003, 7.8232771E-002, 5.6984323E-002, 1.5172823E-002, 2.5223576E-002, 1.4377194E-001, 1.5172823E-002, 6.6544174E-001, 0.0000000E+000,NaN,NaN,NaN, 2.8794643E+001, 6.4297035E-001, 4.1651051E+001, 2.9852620E-001
 2.2250000E+001, 1.1317174E+003, 8.0686004E-002, 5.6278223E-002, 1.4601567E-002, 2.3652225E-002, 1.4137647E-001, 1.4601567E-002, 6.6880394E-001, 0.0000000E+000,NaN,NaN,NaN, 2.9464286E+001, 6.4065442E-001, 4.2244246E+001, 2.8721128E-001
 2.2750000E+001, 1.1252967E+003, 8.3110249E-002, 5.5588995E-002, 1.4023896E-002, 2.2118415E-002, 1.3900334E-001, 1.4023896E-002, 6.7213121E-001, 0.0000000E+000,NaN,NaN,NaN, 3.0133929E+001, 6.3453072E-001, 4.2837446E+001, 2.8036174E-001
 2.3250000E+001, 1.1190211E+003, 8.5483355E-002, 5.4926444E-002, 1.3441878E-002, 2.0628416E-002, 1.3667569E-001, 1.3441878E-002, 6.7540234E-001, 0.0000000E+000,NaN,NaN,NaN, 3.0803571E+001, 6.3077630E-001, 4.3430650E+001, 2.6996645E-001
 2.3750000E+001, 1.1127798E+003, 8.7814298E-002, 5.4284720E-002, 1.2855682E-002, 1.9188843E-002, 1.3438211E-001, 1.2855682E-002, 6.7861866E-001, 0.0000000E+000,NaN,NaN,NaN, 3.1473214E+001, 6.2663536E-001, 4.4023858E+001, 2.6365979E-001
 2.4250000E+001, 1.1063507E+003, 9.0144113E-002, 5.3657915E-002, 1.2241722E-002, 1.7821256E-002, 1.3206973E-001, 1.2241722E-002, 6.8182354E-001, 0.0000000E+000,NaN,NaN,NaN, 3.2142857E+001, 6.1750668E-001, 4.4617071E+001, 2.5409118E-001
 2.4750000E+001, 1.0995988E+003, 9.2486567E-002, 5.3032370E-002, 1.1605973E-002, 1.6536096E-002, 1.2972165E-001, 1.1605973E-002, 6.8501137E-001, 0.0000000E+000,NaN,NaN,NaN, 3.2812500E+001, 6.1268304E-001, 4.5210287E+001, 2.4497840E-001
 2.5250000E+001, 1.0922463E+003, 9.4896634E-002, 5.2369376E-002, 1.0957669E-002, 1.5341031E-002, 1.2727671E-001, 1.0957669E-002, 6.8820091E-001, 0.0000000E+000,NaN,NaN,NaN, 3.3482143E+001, 6.0778697E-001, 4.5803507E+001, 2.3944919E-001
 2.5750000E+001, 1.0841445E+003, 9.7399125E-002, 5.1621321E-002, 1.0341188E-002, 1.4217068E-002, 1.2471721E-001, 1.0341188E-002, 6.9136290E-001, 0.0000000E+000,NaN,NaN,NaN, 3.4151786E+001, 5.9801806E-001, 4.6396731E+001, 2.3103727E-001
 2.6250000E+001, 1.0754070E+003, 9.9960613E-002, 5.0800665E-002, 9.7654656E-003, 1.3152860E-002, 1.2208357E-001, 9.7654656E-003, 6.9447136E-001, 0.0000000E+000,NaN,NaN,NaN, 3.4821429E+001, 5.9324059E-001, 4.6989959E+001, 2.2592057E-001
 2.6750000E+001, 1.0661036E+003, 1.0257019E-001, 4.9917369E-002, 9.2261476E-003, 1.2144914E-002, 1.1938810E-001, 9.2261476E-003, 6.9752713E-001, 0.0000000E+000,NaN,NaN,NaN, 3.5491071E+001, 5.8686156E-001, 4.7583190E+001, 2.1814234E-001
 2.7250000E+001, 1.0565152E+003, 1.0516166E-001, 4.9012598E-002, 8.7158064E-003, 1.1205181E-002, 1.1669993E-001, 8.7158064E-003, 7.0048902E-001, 0.0000000E+000,NaN,NaN,NaN, 3.6160714E+001, 5.7799264E-001, 4.8176424E+001, 2.1071577E-001
 2.7750000E+001, 1.0468231E+003, 1.0770240E-001, 4.8111450E-002, 8.2268724E-003, 1.0325413E-002, 1.1405598E-001, 8.2268724E-003, 7.0335101E-001, 0.0000000E+000,NaN,NaN,NaN, 3.6830357E+001, 5.7383358E-001, 4.8769662E+001, 2.0619541E-001
 2.8250000E+001, 1.0371830E+003, 1.1015656E-001, 4.7239888E-002, 7.7504896E-003, 9.5143450E-003, 1.1149259E-001, 7.7504896E-003, 7.0609564E-001, 0.0000000E+000,NaN,NaN,NaN, 3.7500000E+001, 5.6986444E-001, 4.9362902E+001, 1.9931037E-001
 2.8750000E+001, 1.0274076E+003, 1.1254120E-001, 4.6384090E-002, 7.2920247E-003, 8.7723820E-003, 1.0899154E-001, 7.2920247E-003, 7.0872674E-001, 0.0000000E+000,NaN,NaN,NaN, 3.8169643E+001, 5.6244648E-001, 4.9956146E+001, 1.9510935E-001
 2.9250000E+001, 1.0174011E+003, 1.1487309E-001, 4.5528435E-002, 6.8606639E-003, 8.0899929E-003, 1.0653767E-001, 6.8606639E-003, 7.1124949E-001, 0.0000000E+000,NaN,NaN,NaN, 3.8839286E+001, 5.5894433E-001, 5.0549392E+001, 1.8871660E-001
 2.9750000E+001, 1.0071976E+003, 1.1716418E-001, 4.4677310E-002, 6.4439632E-003, 7.4598295E-003, 1.0411813E-001, 6.4439632E-003, 7.1369262E-001, 0.0000000E+000,NaN,NaN,NaN, 3.9508929E+001, 5.5215696E-001, 5.1142641E+001, 1.8259796E-001
 3.0250000E+001, 9.9691824E+002, 1.1941350E-001, 4.3831405E-002, 6.0420559E-003, 6.8796272E-003, 1.0173453E-001, 6.0420559E-003, 7.1605682E-001, 0.0000000E+000,NaN,NaN,NaN, 4.0178571E+001, 5.4878365E-001, 5.1735893E+001, 1.7886236E-001
 3.0750000E+001, 9.8664899E+002, 1.2161618E-001, 4.2991034E-002, 5.6586934E-003, 6.3435160E-003, 9.9394049E-002, 5.6586934E-003, 7.1833784E-001, 0.0000000E+000,NaN,NaN,NaN, 4.0848214E+001, 5.4536942E-001, 5.2329147E+001, 1.7316790E-001
 3.1250000E+001, 9.7624911E+002, 1.2378458E-001, 4.2149604E-002, 5.2944747E-003, 5.8452814E-003, 9.7084599E-002, 5.2944747E-003, 7.2054699E-001, 0.0000000E+000,NaN,NaN,NaN, 4.1517857E+001, 5.3829069E-001, 5.2922404E+001, 1.6968325E-001
 3.1750000E+001, 9.6563241E+002, 1.2592304E-001, 4.1307090E-002, 4.9466463E-003, 5.3838290E-003, 9.4801347E-002, 4.9466463E-003, 7.2269140E-001, 0.0000000E+000,NaN,NaN,NaN, 4.2187500E+001, 5.3458017E-001, 5.3515663E+001, 1.6437638E-001
 3.2250000E+001, 9.5486020E+002, 1.2801893E-001, 4.0470361E-002, 4.6152770E-003, 4.9595161E-003, 9.2558109E-002, 4.6152770E-003, 7.2476253E-001, 0.0000000E+000,NaN,NaN,NaN, 4.2857143E+001, 5.3073590E-001, 5.4108925E+001, 1.5928561E-001
 3.2750000E+001, 9.4412587E+002, 1.3006199E-001, 3.9641710E-002, 4.3053452E-003, 4.5663970E-003, 9.0368142E-002, 4.3053452E-003, 7.2675107E-001, 0.0000000E+000,NaN,NaN,NaN, 4.3526786E+001, 5.2261933E-001, 5.4702189E+001, 1.5616954E-001
 3.3250000E+001, 9.3349121E+002, 1.3204606E-001, 3.8820974E-002, 4.0217147E-003, 4.2009074E-003, 8.8239590E-002, 4.0217147E-003, 7.2864904E-001, 0.0000000E+000,NaN,NaN,NaN, 4.4196429E+001, 5.1834406E-001, 5.5295455E+001, 1.5141527E-001
 3.3750000E+001, 9.2299944E+002, 1.3397346E-001, 3.8011512E-002, 3.7588847E-003, 3.8617543E-003, 8.6169588E-002, 3.7588847E-003, 7.3046592E-001, 0.0000000E+000,NaN,NaN,NaN, 4.4866071E+001, 5.1392895E-001, 5.5888723E+001, 1.4849900E-001
 3.4250000E+001, 9.1272469E+002, 1.3584175E-001, 3.7218080E-002, 3.5121960E-003, 3.5522290E-003, 8.4159510E-002, 3.5121960E-003, 7.3220404E-001, 0.0000000E+000,NaN,NaN,NaN, 4.5535714E+001, 5.0472357E-001, 5.6481993E+001, 1.4405361E-001
 3.4750000E+001, 9.0275917E+002, 1.3765893E-001, 3.6437670E-002, 3.2810419E-003, 3.2644034E-003, 8.2202331E-002, 3.2810419E-003, 7.3387458E-001, 0.0000000E+000,NaN,NaN,NaN, 4.6205357E+001, 4.9996993E-001, 5.7075265E+001, 1.3978056E-001
 3.5250000E+001, 8.9263188E+002, 1.3940901E-001, 3.5671142E-002, 3.0732039E-003, 3.0123491E-003, 8.0313245E-002, 3.0732039E-003, 7.3544784E-001, 0.0000000E+000,NaN,NaN,NaN, 4.6875000E+001, 4.9514896E-001, 5.7668539E+001, 1.3715983E-001
 3.5750000E+001, 8.8284066E+002, 1.4108928E-001, 3.4931119E-002, 2.8770950E-003, 2.7814245E-003, 7.8497331E-002, 2.8770950E-003, 7.3694666E-001, 0.0000000E+000,NaN,NaN,NaN, 4.7544643E+001, 4.8542470E-001, 5.8261814E+001, 1.3315690E-001
 3.6250000E+001, 8.7322160E+002, 1.4269263E-001, 3.4219616E-002, 2.6944340E-003, 2.5759562E-003, 7.6761579E-002, 2.6944340E-003, 7.3836136E-001, 0.0000000E+000,NaN,NaN,NaN, 4.8214286E+001, 4.8058168E-001, 5.8855092E+001, 1.3069703E-001
 3.6750000E+001, 8.6370346E+002, 1.4423147E-001, 3.3528694E-002, 2.5269761E-003, 2.3930400E-003, 7.5093221E-002, 2.5269761E-003, 7.3969962E-001, 0.0000000E+000,NaN,NaN,NaN, 4.8883929E+001, 4.7578700E-001, 5.9448371E+001, 1.2694311E-001
 3.7250000E+001, 8.5421239E+002, 1.4572166E-001, 3.2849934E-002, 2.3749280E-003, 2.2284489E-003, 7.3475844E-002, 2.3749280E-003, 7.4097426E-001, 0.0000000E+000,NaN,NaN,NaN, 4.9553571E+001, 4.6641718E-001, 6.0039154E+001, 1.2236981E-001
 3.7750000E+001, 8.4478154E+002, 1.4716053E-001, 3.2188203E-002, 2.2348091E-003, 2.0773119E-003, 7.1913119E-002, 2.2348091E-003, 7.4219122E-001, 0.0000000E+000,NaN,NaN,NaN, 5.0223214E+001, 4.6186337E-001,NaN,NaN
 3.8250000E+001, 8.3545137E+002, 1.4855367E-001, 3.1543693E-002, 2.1031504E-003, 1.9357256E-003, 7.0399412E-002, 2.1031504E-003, 7.4336119E-001, 0.0000000E+000,NaN,NaN,NaN, 5.0892857E+001, 4.5740164E-001,NaN,NaN
 3.8750000E+001, 8.2638740E+002, 1.4989137E-001, 3.0924730E-002, 1.9767242E-003, 1.8007526E-003, 6.8945725E-002, 1.9767242E-003, 7.4448398E-001, 0.0000000E+000,NaN,NaN,NaN, 5.1562500E+001, 4.4874615E-001,NaN,NaN
 3.9250000E+001, 8.1765862E+002, 1.5116758E-001, 3.0338221E-002, 1.8514526E-003, 1.6700894E-003, 6.7558750E-002, 1.8514526E-003, 7.4556245E-001, 0.0000000E+000,NaN,NaN,NaN, 5.2232143E+001, 4.4454475E-001,NaN,NaN
 3.9750000E+001, 8.0912193E+002, 1.5240368E-001, 2.9772374E-002, 1.7272850E-003, 1.5442100E-003, 6.6214881E-002, 1.7272850E-003, 7.4661028E-001, 0.0000000E+000,NaN,NaN,NaN, 5.2901786E+001, 4.4042271E-001,NaN,NaN
 4.0250000E+001, 8.0052864E+002, 1.5362781E-001, 2.9207843E-002, 1.6089497E-003, 1.4230302E-003, 6.4883762E-002, 1.6089497E-003, 7.4763966E-001, 0.0000000E+000,NaN,NaN,NaN, 5.3571429E+001, 4.3240505E-001,NaN,NaN
 4.0750000E+001, 7.9185599E+002, 1.5484232E-001, 2.8643161E-002, 1.4964529E-003, 1.3078516E-003, 6.3562470E-002, 1.4964529E-003, 7.4865129E-001, 0.0000000E+000,NaN,NaN,NaN, 5.4241071E+001, 4.2850266E-001,NaN,NaN
 4.1250000E+001, 7.8324848E+002, 1.5603276E-001, 2.8087012E-002, 1.3889931E-003, 1.1982082E-003, 6.2266935E-002, 1.3889931E-003, 7.4963709E-001, 0.0000000E+000,NaN,NaN,NaN, 5.4910714E+001, 4.2466431E-001,NaN,NaN
 4.1750000E+001, 7.7469141E+002, 1.5720773E-001, 2.7535397E-002, 1.2858047E-003, 1.0930839E-003, 6.0987849E-002, 1.2858047E-003, 7.5060433E-001, 0.0000000E+000,NaN,NaN,NaN, 5.5580357E+001, 2.8081286E-001,NaN,NaN
 4.2250000E+001, 7.6614783E+002, 1.5837054E-001, 2.6986063E-002, 1.1873434E-003, 9.9288908E-004, 5.9721515E-002, 1.1873434E-003, 7.5155430E-001, 0.0000000E+000,NaN,NaN,NaN, 5.6250000E+001, 2.8081286E-001,NaN,NaN
 4.2750000E+001, 7.5756110E+002, 1.5952127E-001, 2.6439354E-002, 1.0926741E-003, 9.0096785E-004, 5.8466977E-002, 1.0926741E-003, 7.5248608E-001, 0.0000000E+000,NaN,NaN,NaN, 5.6919643E+001, 2.8081286E-001,NaN,NaN
 4.3250000E+001, 7.4887426E+002, 1.6066107E-001, 2.5891992E-002, 1.0047961E-003, 8.1895436E-004, 5.7222910E-002, 1.0047961E-003, 7.5339548E-001, 0.0000000E+000,NaN,NaN,NaN, 5.7589286E+001, 2.8081286E-001,NaN,NaN
 4.3750000E+001, 7.4013077E+002, 1.6178225E-001, 2.5349119E-002, 9.2258727E-004, 7.4705225E-004, 5.5997615E-002, 9.2258727E-004, 7.5427879E-001, 0.0000000E+000,NaN,NaN,NaN, 5.8258929E+001, 2.8081286E-001,NaN,NaN
 4.4250000E+001, 7.3148296E+002, 1.6287033E-001, 2.4816695E-002, 8.4878544E-004, 6.8338253E-004, 5.4807742E-002, 8.4878544E-004, 7.5512428E-001, 0.0000000E+000,NaN,NaN,NaN, 5.8928571E+001, 2.8081286E-001,NaN,NaN
 4.4750000E+001, 7.2293613E+002, 1.6392568E-001, 2.4294390E-002, 7.8382624E-004, 6.2601594E-004, 5.3653405E-002, 7.8382624E-004, 7.5593285E-001, 0.0000000E+000,NaN,NaN,NaN, 5.9598214E+001, 2.8081286E-001,NaN,NaN
 4.5250000E+001, 7.1458068E+002, 1.6494624E-001, 2.3785373E-002, 7.2527248E-004, 5.7454094E-004, 5.2536682E-002, 7.2527248E-004, 7.5670662E-001, 0.0000000E+000,NaN,NaN,NaN, 6.0267857E+001, 2.8081286E-001,NaN,NaN
 4.5750000E+001, 7.0650258E+002, 1.6592975E-001, 2.3293311E-002, 6.7001210E-004, 5.2986428E-004, 5.1459472E-002, 6.7001210E-004, 7.5744758E-001, 0.0000000E+000,NaN,NaN,NaN, 6.0937500E+001, 2.8081286E-001,NaN,NaN
 4.6250000E+001, 6.9879278E+002, 1.6686460E-001, 2.2823045E-002, 6.2027007E-004, 4.8989017E-004, 5.0435306E-002, 6.2027007E-004, 7.5814662E-001, 0.0000000E+000,NaN,NaN,NaN, 6.1607143E+001, 2.8081286E-001,NaN,NaN
 4.6750000E+001, 6.9159027E+002, 1.6773166E-001, 2.2385541E-002, 5.7573408E-004, 4.5313441E-004, 4.9485516E-002, 5.7573408E-004, 7.5879268E-001, 0.0000000E+000,NaN,NaN,NaN, 6.2276786E+001, 2.8081286E-001,NaN,NaN
 4.7250000E+001, 6.8481926E+002, 1.6853750E-001, 2.1978123E-002, 5.3523323E-004, 4.1962293E-004, 4.8602730E-002, 5.3523323E-004, 7.5939156E-001, 0.0000000E+000,NaN,NaN,NaN, 6.2946429E+001, 2.8081286E-001,NaN,NaN
 4.7750000E+001, 6.7837938E+002, 1.6929233E-001, 2.1596044E-002, 4.9782672E-004, 3.8845238E-004, 4.7775846E-002, 4.9782672E-004, 7.5995168E-001, 0.0000000E+000,NaN,NaN,NaN, 6.3616071E+001, 2.8081286E-001,NaN,NaN
 4.8250000E+001, 6.7213314E+002, 1.7001044E-001, 2.1231973E-002, 4.6284855E-004, 3.5948936E-004, 4.6989090E-002, 4.6284855E-004, 7.6048332E-001, 0.0000000E+000,NaN,NaN,NaN, 6.4285714E+001, 2.8081286E-001,NaN,NaN
 4.8750000E+001, 6.6594147E+002, 1.7070933E-001, 2.0876330E-002, 4.3026313E-004, 3.3242087E-004, 4.6223295E-002, 4.3026313E-004, 7.6099810E-001, 0.0000000E+000,NaN,NaN,NaN, 6.4955357E+001, 2.8081286E-001,NaN,NaN
 4.9250000E+001, 6.5979744E+002, 1.7139404E-001, 2.0526153E-002, 4.0034573E-004, 3.0691997E-004, 4.5473032E-002, 4.0034573E-004, 7.6149917E-001, 0.0000000E+000,NaN,NaN,NaN, 6.5625000E+001, 2.8081286E-001,NaN,NaN
 4.9750000E+001, 6.5364911E+002, 1.7207146E-001, 2.0177336E-002, 3.7342677E-004, 2.8328178E-004, 4.4730690E-002, 3.7342677E-004, 7.6199038E-001, 0.0000000E+000,NaN,NaN,NaN, 6.6294643E+001, 2.8081286E-001,NaN,NaN
 5.0250000E+001, 6.4755098E+002, 1.7273314E-001, 1.9835305E-002, 3.4859262E-004, 2.6137328E-004, 4.4005499E-002, 3.4859262E-004, 7.6246750E-001, 0.0000000E+000,NaN,NaN,NaN, 6.6964286E+001, 2.8081286E-001,NaN,NaN
 5.0750000E+001, 6.4161852E+002, 1.7337305E-001, 1.9503749E-002, 3.2534900E-004, 2.4142472E-004, 4.3303957E-002, 3.2534900E-004, 7.6292712E-001, 0.0000000E+000,NaN,NaN,NaN, 6.7633929E+001, 2.8081286E-001,NaN,NaN
 5.1250000E+001, 6.3582871E+002, 1.7399696E-001, 1.9179498E-002, 3.0362060E-004, 2.2398667E-004, 4.2619606E-002, 3.0362060E-004, 7.6337271E-001, 0.0000000E+000,NaN,NaN,NaN, 6.8303571E+001, 2.8081286E-001,NaN,NaN
 5.1750000E+001, 6.3017454E+002, 1.7460765E-001, 1.8861360E-002, 2.8305727E-004, 2.0847580E-004, 4.1949465E-002, 2.8305727E-004, 7.6380694E-001, 0.0000000E+000,NaN,NaN,NaN, 6.8973214E+001, 2.8081286E-001,NaN,NaN
 5.2250000E+001, 6.2467371E+002, 1.7520312E-001, 1.8550965E-002, 2.6312791E-004, 1.9408226E-004, 4.1295864E-002, 2.6312791E-004, 7.6422971E-001, 0.0000000E+000,NaN,NaN,NaN, 6.9642857E+001, 2.8081286E-001,NaN,NaN
 5.2750000E+001, 6.1932279E+002, 1.7578408E-001, 1.8248390E-002, 2.4342678E-004, 1.7965197E-004, 4.0658255E-002, 2.4342678E-004, 7.6464277E-001, 0.0000000E+000,NaN,NaN,NaN, 7.0312500E+001, 2.8081286E-001,NaN,NaN
 5.3250000E+001, 6.1409002E+002, 1.7635307E-001, 1.7952222E-002, 2.2394713E-004, 1.6532756E-004, 4.0033809E-002, 2.2394713E-004, 7.6504768E-001, 0.0000000E+000,NaN,NaN,NaN, 7.0982143E+001, 2.8081286E-001,NaN,NaN
 5.3750000E+001, 6.0889185E+002, 1.7691531E-001, 1.7657969E-002, 2.0677185E-004, 1.5041346E-004, 3.9417190E-002, 2.0677185E-004, 7.6544558E-001, 0.0000000E+000,NaN,NaN,NaN, 7.1651786E+001, 2.8081286E-001,NaN,NaN
 5.4250000E+001, 6.0378361E+002, 1.7746291E-001, 1.7369761E-002, 1.9225576E-004, 1.3424823E-004, 3.8817255E-002, 1.9225576E-004, 7.6583131E-001, 0.0000000E+000,NaN,NaN,NaN, 7.2321429E+001, 2.8081286E-001,NaN,NaN
 5.4750000E+001, 5.9881810E+002, 1.7799491E-001, 1.7090545E-002, 1.7747187E-004, 1.1660793E-004, 3.8234792E-002, 1.7747187E-004, 7.6620820E-001, 0.0000000E+000,NaN,NaN,NaN, 7.2991071E+001, 2.8081286E-001,NaN,NaN
 5.5250000E+001, 5.9393139E+002, 1.7851076E-001, 1.6820345E-002, 1.6252895E-004, 9.9112532E-005, 3.7670032E-002, 1.6252895E-004, 7.6657469E-001, 0.0000000E+000,NaN,NaN,NaN, 7.3660714E+001, 2.8081286E-001,NaN,NaN
 5.5750000E+001, 5.8912792E+002, 1.7901820E-001, 1.6555414E-002, 1.4660259E-004, 8.3063517E-005, 3.7114066E-002, 1.4660259E-004, 7.6693605E-001, 0.0000000E+000,NaN,NaN,NaN, 7.4330357E+001, 2.8081286E-001,NaN,NaN
 5.6250000E+001, 5.8443045E+002, 1.7951580E-001, 1.6295895E-002, 1.3026934E-004, 7.0011164E-005, 3.6568172E-002, 1.3026934E-004, 7.6728958E-001, 0.0000000E+000,NaN,NaN,NaN, 7.4995000E+001, 2.8081286E-001,NaN,NaN
 5.6750000E+001, 5.7986928E+002, 1.7999381E-001, 1.6046470E-002, 1.1444115E-004, 5.9503264E-005, 3.6043275E-002, 1.1444115E-004, 7.6762806E-001, 0.0000000E+000,NaN,NaN,NaN, 7.5669643E+001, 2.7529330E-001,NaN,NaN
 5.7250000E+001, 5.7544275E+002, 1.8044945E-001, 1.5807695E-002, 1.0037943E-004, 5.1144397E-005, 3.5542681E-002, 1.0037943E-004, 7.6794828E-001, 0.0000000E+000,NaN,NaN,NaN, 7.6339286E+001, 2.7267449E-001,NaN,NaN
 5.7750000E+001, 5.7116098E+002, 1.8088554E-001, 1.5577422E-002, 8.8895048E-005, 4.4246652E-005, 3.5063519E-002, 8.8895048E-005, 7.6825148E-001, 0.0000000E+000,NaN,NaN,NaN, 7.7008929E+001, 2.6748598E-001,NaN,NaN
 5.8250000E+001, 5.6693925E+002, 1.8131065E-001, 1.5351019E-002, 7.9964407E-005, 3.8300348E-005, 3.4596511E-002, 7.9964407E-005, 7.6854359E-001, 0.0000000E+000,NaN,NaN,NaN, 7.7678571E+001, 2.6490443E-001,NaN,NaN
 5.8750000E+001, 5.6275055E+002, 1.8172872E-001, 1.5127266E-002, 7.2471952E-005, 3.2920461E-005, 3.4137287E-002, 7.2471952E-005, 7.6882887E-001, 0.0000000E+000,NaN,NaN,NaN, 7.8348214E+001, 2.6232641E-001,NaN,NaN
 5.9250000E+001, 5.5856795E+002, 1.8214633E-001, 1.4903799E-002, 6.4880864E-005, 2.7907010E-005, 3.3678461E-002, 6.4880864E-005, 7.6911374E-001, 0.0000000E+000,NaN,NaN,NaN, 7.9017857E+001, 2.5717539E-001,NaN,NaN
 5.9750000E+001, 5.5441007E+002, 1.8256391E-001, 1.4681416E-002, 5.5893382E-005, 2.3490869E-005, 3.3219366E-002, 5.5893382E-005, 7.6940003E-001, 0.0000000E+000,NaN,NaN,NaN, 7.9687500E+001, 2.5460152E-001,NaN,NaN
 6.0250000E+001, 5.5019357E+002, 1.8298897E-001, 1.4454591E-002, 4.7193313E-005, 1.9787083E-005, 3.2751909E-002, 4.7193313E-005, 7.6969035E-001, 0.0000000E+000,NaN,NaN,NaN, 8.0357143E+001, 2.5202806E-001,NaN,NaN
 6.0750000E+001, 5.4590573E+002, 1.8341796E-001, 1.4223826E-002, 4.0569631E-005, 1.6834329E-005, 3.2280201E-002, 4.0569631E-005, 7.6998004E-001, 0.0000000E+000,NaN,NaN,NaN, 8.1026786E+001, 2.4687704E-001,NaN,NaN
 6.1250000E+001, 5.4169383E+002, 1.8383721E-001, 1.3996593E-002, 3.6106913E-005, 1.4576415E-005, 3.1819294E-002, 3.6106913E-005, 7.7026011E-001, 0.0000000E+000,NaN,NaN,NaN, 8.1696429E+001, 2.4429566E-001,NaN,NaN
 6.1750000E+001, 5.3764427E+002, 1.8423982E-001, 1.3777419E-002, 3.2926866E-005, 1.2911920E-005, 3.1376687E-002, 3.2926866E-005, 7.7052731E-001, 0.0000000E+000,NaN,NaN,NaN, 8.2366071E+001, 2.4170777E-001,NaN,NaN
 6.2250000E+001, 5.3372608E+002, 1.8463002E-001, 1.3564590E-002, 3.0308249E-005, 1.1573071E-005, 3.0947708E-002, 3.0308249E-005, 7.7078549E-001, 0.0000000E+000,NaN,NaN,NaN, 8.3035714E+001, 2.3650804E-001,NaN,NaN
 6.2750000E+001, 5.2997351E+002, 1.8500368E-001, 1.3360563E-002, 2.8057970E-005, 1.0368614E-005, 3.0536922E-002, 2.8057970E-005, 7.7103235E-001, 0.0000000E+000,NaN,NaN,NaN, 8.3705357E+001, 2.3389641E-001,NaN,NaN
 6.3250000E+001, 5.2637056E+002, 1.8536373E-001, 1.3163808E-002, 2.6099948E-005, 9.1507702E-006, 3.0141145E-002, 2.6099948E-005, 7.7126997E-001, 0.0000000E+000,NaN,NaN,NaN, 8.4375000E+001, 2.3127886E-001,NaN,NaN
 6.3750000E+001, 5.2288752E+002, 1.8571343E-001, 1.2972688E-002, 2.4235395E-005, 7.8880045E-006, 2.9756769E-002, 2.4235395E-005, 7.7150076E-001, 0.0000000E+000,NaN,NaN,NaN, 8.5044643E+001, 2.2603694E-001,NaN,NaN
 6.4250000E+001, 5.1949137E+002, 1.8605481E-001, 1.2786216E-002, 2.2292666E-005, 6.5970546E-006, 2.9381528E-002, 2.2292666E-005, 7.7172626E-001, 0.0000000E+000,NaN,NaN,NaN, 8.5714286E+001, 2.2341914E-001,NaN,NaN
 6.4750000E+001, 5.1613158E+002, 1.8639223E-001, 1.2602087E-002, 2.0145776E-005, 5.4006766E-006, 2.9010604E-002, 2.0145776E-005, 7.7194939E-001, 0.0000000E+000,NaN,NaN,NaN, 8.6383929E+001, 2.2080790E-001,NaN,NaN
 6.5250000E+001, 5.1280128E+002, 1.8672569E-001, 1.2420429E-002, 1.7610140E-005, 4.4011378E-006, 2.8643929E-002, 1.7610140E-005, 7.7217033E-001, 0.0000000E+000,NaN,NaN,NaN, 8.7053571E+001, 2.1561684E-001,NaN,NaN
 6.5750000E+001, 5.0951973E+002, 1.8705234E-001, 1.2242559E-002, 1.5008710E-005, 3.6128048E-006, 2.8284695E-002, 1.5008710E-005, 7.7238677E-001, 0.0000000E+000,NaN,NaN,NaN, 8.7723214E+001, 2.1304203E-001,NaN,NaN
 6.6250000E+001, 5.0623647E+002, 1.8737518E-001, 1.2066478E-002, 1.2763243E-005, 3.0109935E-006, 2.7929645E-002, 1.2763243E-005, 7.7260016E-001, 0.0000000E+000,NaN,NaN,NaN, 8.8392857E+001, 2.1048401E-001,NaN,NaN
 6.6750000E+001, 5.0299629E+002, 1.8769476E-001, 1.1891872E-002, 1.0890600E-005, 2.5638915E-006, 2.7578184E-002, 1.0890600E-005, 7.7281084E-001, 0.0000000E+000,NaN,NaN,NaN, 8.9062500E+001, 2.0542726E-001,NaN,NaN
 6.7250000E+001, 4.9987765E+002, 1.8800630E-001, 1.1721443E-002, 9.3165235E-006, 2.2485328E-006, 2.7235574E-002, 9.3165235E-006, 7.7301580E-001, 0.0000000E+000,NaN,NaN,NaN, 8.9732143E+001, 2.0293334E-001,NaN,NaN
 6.7750000E+001, 4.9695048E+002, 1.8829762E-001, 1.1561890E-002, 8.0586370E-006, 2.0223647E-006, 2.6915201E-002, 8.0586370E-006, 7.7320715E-001, 0.0000000E+000,NaN,NaN,NaN, 9.0401786E+001, 2.0046576E-001,NaN,NaN
 6.8250000E+001, 4.9423001E+002, 1.8856347E-001, 1.1416163E-002, 7.0616945E-006, 1.8539385E-006, 2.6622853E-002, 7.0616945E-006, 7.7338154E-001, 0.0000000E+000,NaN,NaN,NaN, 9.1071429E+001, 1.9561940E-001,NaN,NaN
 6.8750000E+001, 4.9169054E+002, 1.8880739E-001, 1.1282299E-002, 6.3316985E-006, 1.7347208E-006, 2.6354630E-002, 6.3316985E-006, 7.7354129E-001, 0.0000000E+000,NaN,NaN,NaN, 9.1741071E+001, 1.9324498E-001,NaN,NaN
 6.9250000E+001, 4.8925877E+002, 1.8903562E-001, 1.1156884E-002, 5.8435181E-006, 1.6665371E-006, 2.6103673E-002, 5.8435181E-006, 7.7369047E-001, 0.0000000E+000,NaN,NaN,NaN, 9.2410714E+001, 1.9090552E-001,NaN,NaN
 6.9750000E+001, 4.8687673E+002, 1.8925683E-001, 1.1035164E-002, 5.5620306E-006, 1.6293331E-006, 2.5860446E-002, 5.5620306E-006, 7.7383481E-001, 0.0000000E+000,NaN,NaN,NaN, 9.3080357E+001, 1.8633688E-001,NaN,NaN
 7.0250000E+001, 4.8449753E+002, 1.8947738E-001, 1.0913739E-002, 5.3644282E-006, 1.6311024E-006, 2.5617952E-002, 5.3644282E-006, 7.7397857E-001, 0.0000000E+000,NaN,NaN,NaN, 9.3750000E+001, 1.8410942E-001,NaN,NaN
 7.0750000E+001, 4.8210894E+002, 1.8970201E-001, 1.0790023E-002, 5.2126492E-006, 1.6545606E-006, 2.5370971E-002, 5.2126492E-006, 7.7412492E-001, 0.0000000E+000,NaN,NaN,NaN, 9.4419643E+001, 1.8192022E-001,NaN,NaN
 7.1250000E+001, 4.7971833E+002, 1.8993001E-001, 1.0664437E-002, 5.0684559E-006, 1.7113848E-006, 2.5120272E-002, 5.0684559E-006, 7.7427343E-001, 0.0000000E+000,NaN,NaN,NaN, 9.5089286E+001, 1.7779053E-001,NaN,NaN
 7.1750000E+001, 4.7736005E+002, 1.9015942E-001, 1.0538046E-002, 4.9588290E-006, 1.7721926E-006, 2.4868027E-002, 4.9588290E-006, 7.7442281E-001, 0.0000000E+000,NaN,NaN,NaN, 9.5758929E+001, 1.7571106E-001,NaN,NaN
 7.2250000E+001, 4.7503214E+002, 1.9038959E-001, 1.0411244E-002, 4.8416101E-006, 1.8500949E-006, 2.4614950E-002, 4.8416101E-006, 7.7457268E-001, 0.0000000E+000,NaN,NaN,NaN, 9.6428571E+001, 1.7366767E-001,NaN,NaN
 7.2750000E+001, 4.7274519E+002, 1.9061567E-001, 1.0286695E-002, 4.7301648E-006, 1.9089401E-006, 2.4366376E-002, 4.7301648E-006, 7.7471990E-001, 0.0000000E+000,NaN,NaN,NaN, 9.7098214E+001, 1.6968603E-001,NaN,NaN
 7.3250000E+001, 4.7052666E+002, 1.9083199E-001, 1.0167549E-002, 4.5817002E-006, 1.9833416E-006, 2.4128513E-002, 4.5817002E-006, 7.7486080E-001, 0.0000000E+000,NaN,NaN,NaN, 9.7767857E+001, 1.6774614E-001,NaN,NaN
 7.3750000E+001, 4.6837514E+002, 1.9104084E-001, 1.0052523E-002, 4.4364674E-006, 2.0201851E-006, 2.3898872E-002, 4.4364674E-006, 7.7499687E-001, 0.0000000E+000,NaN,NaN,NaN, 9.8437500E+001, 1.6583908E-001,NaN,NaN
 7.4250000E+001, 4.6625348E+002, 1.9124755E-001, 9.9386970E-003, 4.2702358E-006, 2.0701610E-006, 2.3671586E-002, 4.2702358E-006, 7.7513155E-001, 0.0000000E+000,NaN,NaN,NaN, 9.9107143E+001, 1.6211989E-001,NaN,NaN
 7.4750000E+001, 4.6415422E+002, 1.9145234E-001, 9.8259277E-003, 4.1133798E-006, 2.0592982E-006, 2.3446425E-002, 4.1133798E-006, 7.7526502E-001, 0.0000000E+000,NaN,NaN,NaN, 9.9776786E+001, 1.6030605E-001,NaN,NaN
 7.5250000E+001, 4.6210728E+002, 1.9165138E-001, 9.7163459E-003, 3.9313220E-006, 2.0551281E-006, 2.3227577E-002, 3.9313220E-006, 7.7539478E-001, 0.0000000E+000,NaN,NaN,NaN, 1.0044643E+002, 1.5852158E-001,NaN,NaN
 7.5750000E+001, 4.6013143E+002, 1.9184398E-001, 9.6103251E-003, 3.7487600E-006, 1.9793966E-006, 2.3015829E-002, 3.7487600E-006, 7.7552039E-001, 0.0000000E+000,NaN,NaN,NaN, 1.0111607E+002, 1.5503735E-001,NaN,NaN
 7.6250000E+001, 4.5824201E+002, 1.9202999E-001, 9.5079683E-003, 3.5310763E-006, 1.8817761E-006, 2.2811328E-002, 3.5310763E-006, 7.7564177E-001, 0.0000000E+000,NaN,NaN,NaN, 1.0178571E+002, 1.5333576E-001,NaN,NaN
 7.6750000E+001, 4.5641940E+002, 1.9221177E-001, 9.4079443E-003, 3.3206033E-006, 1.7230756E-006, 2.2611491E-002, 3.3206033E-006, 7.7576043E-001, 0.0000000E+000,NaN,NaN,NaN, 1.0245536E+002, 1.5165986E-001,NaN,NaN
 7.7250000E+001, 4.5464142E+002, 1.9238888E-001, 9.3105184E-003, 3.0844500E-006, 1.5384215E-006, 2.2416791E-002, 3.0844500E-006, 7.7587610E-001, 0.0000000E+000,NaN,NaN,NaN, 1.0312500E+002, 1.4838032E-001,NaN,NaN
 7.7750000E+001, 4.5288363E+002, 1.9256460E-001, 9.2138562E-003, 2.8631274E-006, 1.3024171E-006, 2.2223640E-002, 2.8631274E-006, 7.7599088E-001, 0.0000000E+000,NaN,NaN,NaN, 1.0379464E+002, 1.4677393E-001,NaN,NaN
 7.8250000E+001, 4.5110941E+002, 1.9274285E-001, 9.1158230E-003, 2.6095510E-006, 1.0479991E-006, 2.2027699E-002, 2.6095510E-006, 7.7610736E-001, 0.0000000E+000,NaN,NaN,NaN, 1.0446429E+002, 1.4518761E-001,NaN,NaN
 7.8750000E+001, 4.4929527E+002, 1.9292481E-001, 9.0157738E-003, 2.3252982E-006, 7.8126573E-007, 2.1827684E-002, 2.3252982E-006, 7.7622630E-001, 0.0000000E+000,NaN,NaN,NaN, 1.0513393E+002, 1.4206730E-001,NaN,NaN
 7.9250000E+001, 4.4746376E+002, 1.9310811E-001, 8.9150750E-003, 1.9215412E-006, 5.5777728E-007, 2.1626166E-002, 1.9215412E-006, 7.7634625E-001, 0.0000000E+000,NaN,NaN,NaN, 1.0580357E+002, 1.4052851E-001,NaN,NaN
 7.9750000E+001, 4.4560568E+002, 1.9329307E-001, 8.8135174E-003, 1.4435013E-006, 3.9099410E-007, 2.1422806E-002, 1.4435013E-006, 7.7646733E-001, 0.0000000E+000,NaN,NaN,NaN, 1.0647321E+002, 1.3900004E-001,NaN,NaN
 8.0250000E+001, 4.4373433E+002, 1.9348006E-001, 8.7107935E-003, 1.0154478E-006, 2.7324853E-007, 2.1217207E-002, 1.0154478E-006, 7.7658964E-001, 0.0000000E+000,NaN,NaN,NaN, 1.0714286E+002, 1.3595912E-001,NaN,NaN
 8.0750000E+001, 4.4186256E+002, 1.9366514E-001, 8.6090235E-003, 7.0402389E-007, 1.9126847E-007, 2.1013712E-002, 7.0402389E-007, 7.7671053E-001, 0.0000000E+000,NaN,NaN,NaN, 1.0781250E+002, 1.3443804E-001,NaN,NaN
 8.1250000E+001, 4.4003284E+002, 1.9384487E-001, 8.5101170E-003, 4.8935255E-007, 1.3489821E-007, 2.0816096E-002, 4.8935255E-007, 7.7682780E-001, 0.0000000E+000,NaN,NaN,NaN, 1.0848214E+002, 1.3291059E-001,NaN,NaN
 8.1750000E+001, 4.3832830E+002, 1.9401311E-001, 8.4174922E-003, 3.4334576E-007, 9.5527812E-008, 2.0631127E-002, 3.4334576E-007, 7.7693749E-001, 0.0000000E+000,NaN,NaN,NaN, 1.0915179E+002, 1.2982288E-001,NaN,NaN
 8.2250000E+001, 4.3676608E+002, 1.9416888E-001, 8.3317037E-003, 2.4233860E-007, 6.7482744E-008, 2.0459869E-002, 2.4233860E-007, 7.7703899E-001, 0.0000000E+000,NaN,NaN,NaN, 1.0982143E+002, 1.2826052E-001,NaN,NaN
 8.2750000E+001, 4.3530170E+002, 1.9431431E-001, 8.2515893E-003, 1.7220337E-007, 4.7802319E-008, 2.0299980E-002, 1.7220337E-007, 7.7713373E-001, 0.0000000E+000,NaN,NaN,NaN, 1.1049107E+002, 1.2668918E-001,NaN,NaN
 8.3250000E+001, 4.3388811E+002, 1.9445301E-001, 8.1751652E-003, 1.2404664E-007, 3.4493312E-008, 2.0147489E-002, 1.2404664E-007, 7.7722405E-001, 0.0000000E+000,NaN,NaN,NaN, 1.1116071E+002, 1.2354852E-001,NaN,NaN
 8.3750000E+001, 4.3248978E+002, 1.9458860E-001, 8.1004452E-003, 9.0610948E-008, 2.5222883E-008, 1.9998422E-002, 9.0610948E-008, 7.7731233E-001, 0.0000000E+000,NaN,NaN,NaN, 1.1183036E+002, 1.2199861E-001,NaN,NaN
 8.4250000E+001, 4.3109983E+002, 1.9472360E-001, 8.0260391E-003, 6.7212181E-008, 1.8812868E-008, 1.9849998E-002, 6.7212181E-008, 7.7740021E-001, 0.0000000E+000,NaN,NaN,NaN, 1.1250000E+002, 1.1898338E-001,NaN,NaN
 8.4750000E+001, 4.2970343E+002, 1.9485992E-001, 7.9509015E-003, 5.0826063E-008, 1.4371658E-008, 1.9700128E-002, 5.0826063E-008, 7.7748893E-001, 0.0000000E+000,NaN,NaN,NaN, 1.1316964E+002, 1.1752560E-001,NaN,NaN
 8.5250000E+001, 4.2831325E+002, 1.9499636E-001, 7.8756969E-003, 3.9081269E-008, 1.1176396E-008, 1.9550132E-002, 3.9081269E-008, 7.7757773E-001, 0.0000000E+000,NaN,NaN,NaN, 1.1383929E+002, 1.1609865E-001,NaN,NaN
 8.5750000E+001, 4.2696584E+002, 1.9513019E-001, 7.8019227E-003, 3.0510337E-008, 8.7944750E-009, 1.9402994E-002, 3.0510337E-008, 7.7766482E-001, 0.0000000E+000,NaN,NaN,NaN, 1.1450893E+002, 1.1331244E-001,NaN,NaN
 8.6250000E+001, 4.2565359E+002, 1.9526321E-001, 7.7285953E-003, 2.4322484E-008, 7.0242241E-009, 1.9256751E-002, 2.4322484E-008, 7.7775139E-001, 0.0000000E+000,NaN,NaN,NaN, 1.1517857E+002, 1.1207593E-001,NaN,NaN
 8.6750000E+001, 4.2436586E+002, 1.9539506E-001, 7.6559108E-003, 1.9581256E-008, 5.6881728E-009, 1.9111793E-002, 1.9581256E-008, 7.7783719E-001, 0.0000000E+000,NaN,NaN,NaN, 1.1584821E+002, 1.1060391E-001,NaN,NaN
 8.7250000E+001, 4.2311771E+002, 1.9552182E-001, 7.5860320E-003, 1.5973830E-008, 4.6537488E-009, 1.8972432E-002, 1.5973830E-008, 7.7791968E-001, 0.0000000E+000,NaN,NaN,NaN, 1.1651786E+002, 1.0743491E-001,NaN,NaN
 8.7750000E+001, 4.2191529E+002, 1.9564208E-001, 7.5197346E-003, 1.3241553E-008, 3.8496841E-009, 1.8840215E-002, 1.3241553E-008, 7.7799794E-001, 0.0000000E+000,NaN,NaN,NaN, 1.1718750E+002, 1.0583048E-001,NaN,NaN
 8.8250000E+001, 4.2076908E+002, 1.9575755E-001, 7.4560815E-003, 1.1168220E-008, 3.2000641E-009, 1.8713272E-002, 1.1168220E-008, 7.7807307E-001, 0.0000000E+000,NaN,NaN,NaN, 1.1785714E+002, 1.0427282E-001,NaN,NaN
 8.8750000E+001, 4.1966145E+002, 1.9586678E-001, 7.3958643E-003, 9.7344243E-009, 2.6975660E-009, 1.8593182E-002, 9.7344243E-009, 7.7814415E-001, 0.0000000E+000,NaN,NaN,NaN, 1.1852679E+002, 1.0131735E-001,NaN,NaN
 8.9250000E+001, 4.1859965E+002, 1.9597179E-001, 7.3379719E-003, 8.9918709E-009, 2.3402305E-009, 1.8477730E-002, 8.9918709E-009, 7.7821248E-001, 0.0000000E+000,NaN,NaN,NaN, 1.1919643E+002, 9.9889657E-002,NaN,NaN
 8.9750000E+001, 4.1758573E+002, 1.9606970E-001, 7.2839957E-003, 8.9858785E-009, 2.1261370E-009, 1.8370089E-002, 8.9858785E-009, 7.7827619E-001, 0.0000000E+000,NaN,NaN,NaN, 1.1986607E+002, 9.8475005E-002,NaN,NaN
 9.0250000E+001, 4.1662008E+002, 1.9616103E-001, 7.2336500E-003, 9.2252266E-009, 1.9887080E-009, 1.8269688E-002, 9.2252266E-009, 7.7833562E-001, 0.0000000E+000,NaN,NaN,NaN, 1.2053571E+002, 9.5665651E-002,NaN,NaN
 9.0750000E+001, 4.1567356E+002, 1.9625048E-001, 7.1843371E-003, 9.2538813E-009, 1.8654353E-009, 1.8171347E-002, 9.2538813E-009, 7.7839382E-001, 0.0000000E+000,NaN,NaN,NaN, 1.2120536E+002, 9.4275307E-002,NaN,NaN
 9.1250000E+001, 4.1472304E+002, 1.9634051E-001, 7.1347009E-003, 8.8671137E-009, 1.7133469E-009, 1.8072360E-002, 8.8671137E-009, 7.7845241E-001, 0.0000000E+000,NaN,NaN,NaN, 1.2187500E+002, 9.2901061E-002,NaN,NaN
 9.1750000E+001, 4.1378583E+002, 1.9642853E-001, 7.0861773E-003, 8.2919568E-009, 1.5585387E-009, 1.7975592E-002, 8.2919568E-009, 7.7850968E-001, 0.0000000E+000,NaN,NaN,NaN, 1.2254464E+002, 9.0217231E-002,NaN,NaN
 9.2250000E+001, 4.1285127E+002, 1.9651661E-001, 7.0376198E-003, 7.5731190E-009, 1.4033156E-009, 1.7878755E-002, 7.5731190E-009, 7.7856700E-001, 0.0000000E+000,NaN,NaN,NaN, 1.2321429E+002, 8.8912122E-002,NaN,NaN
 9.2750000E+001, 4.1189606E+002, 1.9660483E-001, 6.9889850E-003, 6.6110842E-009, 1.2257790E-009, 1.7781764E-002, 6.6110842E-009, 7.7862440E-001, 0.0000000E+000,NaN,NaN,NaN, 1.2388393E+002, 8.7632482E-002,NaN,NaN
 9.3250000E+001, 4.1093227E+002, 1.9669359E-001, 6.9400543E-003, 5.5530428E-009, 1.0417862E-009, 1.7684183E-002, 5.5530428E-009, 7.7868216E-001, 0.0000000E+000,NaN,NaN,NaN, 1.2455357E+002, 8.5149099E-002,NaN,NaN
 9.3750000E+001, 4.0994516E+002, 1.9678593E-001, 6.8891477E-003, 4.5376119E-009, 8.7179175E-010, 1.7582662E-002, 4.5376119E-009, 7.7874225E-001, 0.0000000E+000,NaN,NaN,NaN, 1.2522321E+002, 8.3945110E-002,NaN,NaN
 9.4250000E+001, 4.0895981E+002, 1.9688028E-001, 6.8371352E-003, 3.6046472E-009, 7.1856013E-010, 1.7478935E-002, 3.6046472E-009, 7.7880364E-001, 0.0000000E+000,NaN,NaN,NaN, 1.2589286E+002, 8.2766437E-002,NaN,NaN
 9.4750000E+001, 4.0800207E+002, 1.9697389E-001, 6.7855327E-003, 2.7665085E-009, 5.8229811E-010, 1.7376026E-002, 2.7665085E-009, 7.7886455E-001, 0.0000000E+000,NaN,NaN,NaN, 1.2656250E+002, 8.0486758E-002,NaN,NaN
 9.5250000E+001, 4.0707931E+002, 1.9706298E-001, 6.7364180E-003, 2.0987484E-009, 4.7185806E-010, 1.7278079E-002, 2.0987484E-009, 7.7892252E-001, 0.0000000E+000,NaN,NaN,NaN, 1.2723214E+002, 7.9386775E-002,NaN,NaN
 9.5750000E+001, 4.0617375E+002, 1.9714779E-001, 6.6896592E-003, 1.6049627E-009, 3.8727263E-010, 1.7184830E-002, 1.6049627E-009, 7.7897771E-001, 0.0000000E+000,NaN,NaN,NaN, 1.2790179E+002, 7.8313975E-002,NaN,NaN
 9.6250000E+001, 4.0527131E+002, 1.9723036E-001, 6.6441426E-003, 1.2730727E-009, 3.2722989E-010, 1.7094059E-002, 1.2730727E-009, 7.7903144E-001, 0.0000000E+000,NaN,NaN,NaN, 1.2857143E+002, 7.6251074E-002,NaN,NaN
 9.6750000E+001, 4.0437979E+002, 1.9731306E-001, 6.5985520E-003, 1.0403544E-009, 2.8195378E-010, 1.7003140E-002, 1.0403544E-009, 7.7908525E-001, 0.0000000E+000,NaN,NaN,NaN, 1.2924107E+002, 7.5261230E-002,NaN,NaN
 9.7250000E+001, 4.0350201E+002, 1.9739672E-001, 6.5524284E-003, 8.6284261E-010, 2.4494631E-010, 1.6911158E-002, 8.6284261E-010, 7.7913969E-001, 0.0000000E+000,NaN,NaN,NaN, 1.2991071E+002, 7.4299108E-002,NaN,NaN
 9.7750000E+001, 4.0263404E+002, 1.9747910E-001, 6.5070116E-003, 7.2487584E-010, 2.1417380E-010, 1.6820587E-002, 7.2487584E-010, 7.7919330E-001, 0.0000000E+000,NaN,NaN,NaN, 1.3058036E+002, 7.2457500E-002,NaN,NaN
 9.8250000E+001, 4.0173304E+002, 1.9756029E-001, 6.4622559E-003, 6.1547023E-010, 1.8733787E-010, 1.6731333E-002, 6.1547023E-010, 7.7924612E-001, 0.0000000E+000,NaN,NaN,NaN, 1.3125000E+002, 7.1577594E-002,NaN,NaN
 9.8750000E+001, 4.0081115E+002, 1.9764287E-001, 6.4167301E-003, 5.3185561E-010, 1.6550186E-010, 1.6640544E-002, 5.3185561E-010, 7.7929986E-001, 0.0000000E+000,NaN,NaN,NaN, 1.3191964E+002, 7.0724586E-002,NaN,NaN
 9.9250000E+001, 3.9984215E+002, 1.9773009E-001, 6.3686472E-003, 4.6362456E-010, 1.4668534E-010, 1.6544655E-002, 4.6362456E-010, 7.7935661E-001, 0.0000000E+000,NaN,NaN,NaN, 1.3258929E+002, 6.9097846E-002,NaN,NaN
 9.9750000E+001, 3.9887709E+002, 1.9781844E-001, 6.3199404E-003, 4.0359826E-010, 1.2871999E-010, 1.6447522E-002, 4.0359826E-010, 7.7941410E-001, 0.0000000E+000,NaN,NaN,NaN, 1.3325893E+002, 6.8323279E-002,NaN,NaN
NaN,NaN,NaN,NaN,NaN,NaN,NaN,NaN,NaN,NaN,NaN,NaN,NaN, 1.3392857E+002, 6.7573941E-002,NaN,NaN
NaN,NaN,NaN,NaN,NaN,NaN,NaN,NaN,NaN,NaN,NaN,NaN,NaN, 1.3459821E+002, 6.6148732E-002,NaN,NaN
NaN,NaN,NaN,NaN,NaN,NaN,NaN,NaN,NaN,NaN,NaN,NaN,NaN, 1.3526786E+002, 6.5583997E-002,NaN,NaN
NaN,NaN,NaN,NaN,NaN,NaN,NaN,NaN,NaN,NaN,NaN,NaN,NaN, 1.3593750E+002, 6.4927501E-002,NaN,NaN
NaN,NaN,NaN,NaN,NaN,NaN,NaN,NaN,NaN,NaN,NaN,NaN,NaN, 1.3660714E+002, 6.3679965E-002,NaN,NaN
NaN,NaN,NaN,NaN,NaN,NaN,NaN,NaN,NaN,NaN,NaN,NaN,NaN, 1.3727679E+002, 6.3087385E-002,NaN,NaN
NaN,NaN,NaN,NaN,NaN,NaN,NaN,NaN,NaN,NaN,NaN,NaN,NaN, 1.3794643E+002, 6.2514525E-002,NaN,NaN
NaN,NaN,NaN,NaN,NaN,NaN,NaN,NaN,NaN,NaN,NaN,NaN,NaN, 1.3861607E+002, 6.1424645E-002,NaN,NaN
NaN,NaN,NaN,NaN,NaN,NaN,NaN,NaN,NaN,NaN,NaN,NaN,NaN, 1.3928571E+002, 6.0905929E-002,NaN,NaN
NaN,NaN,NaN,NaN,NaN,NaN,NaN,NaN,NaN,NaN,NaN,NaN,NaN, 1.3995536E+002, 6.0403535E-002,NaN,NaN
NaN,NaN,NaN,NaN,NaN,NaN,NaN,NaN,NaN,NaN,NaN,NaN,NaN, 1.4062500E+002, 5.9444174E-002,NaN,NaN
NaN,NaN,NaN,NaN,NaN,NaN,NaN,NaN,NaN,NaN,NaN,NaN,NaN, 1.4129464E+002, 5.8985416E-002,NaN,NaN
NaN,NaN,NaN,NaN,NaN,NaN,NaN,NaN,NaN,NaN,NaN,NaN,NaN, 1.4196429E+002, 5.8539389E-002,NaN,NaN
NaN,NaN,NaN,NaN,NaN,NaN,NaN,NaN,NaN,NaN,NaN,NaN,NaN, 1.4263393E+002, 5.7681801E-002,NaN,NaN
NaN,NaN,NaN,NaN,NaN,NaN,NaN,NaN,NaN,NaN,NaN,NaN,NaN, 1.4330357E+002, 5.7268373E-002,NaN,NaN
NaN,NaN,NaN,NaN,NaN,NaN,NaN,NaN,NaN,NaN,NaN,NaN,NaN, 1.4397321E+002, 5.6863947E-002,NaN,NaN
NaN,NaN,NaN,NaN,NaN,NaN,NaN,NaN,NaN,NaN,NaN,NaN,NaN, 1.4464286E+002, 5.6078373E-002,NaN,NaN
NaN,NaN,NaN,NaN,NaN,NaN,NaN,NaN,NaN,NaN,NaN,NaN,NaN, 1.4531250E+002, 5.5695363E-002,NaN,NaN
NaN,NaN,NaN,NaN,NaN,NaN,NaN,NaN,NaN,NaN,NaN,NaN,NaN, 1.4598214E+002, 5.5317634E-002,NaN,NaN
NaN,NaN,NaN,NaN,NaN,NaN,NaN,NaN,NaN,NaN,NaN,NaN,NaN, 1.4665179E+002, 5.4574354E-002,NaN,NaN
NaN,NaN,NaN,NaN,NaN,NaN,NaN,NaN,NaN,NaN,NaN,NaN,NaN, 1.4732143E+002, 5.4207002E-002,NaN,NaN
NaN,NaN,NaN,NaN,NaN,NaN,NaN,NaN,NaN,NaN,NaN,NaN,NaN, 1.4799107E+002, 5.3841328E-002,NaN,NaN
NaN,NaN,NaN,NaN,NaN,NaN,NaN,NaN,NaN,NaN,NaN,NaN,NaN, 1.4866071E+002, 5.3111601E-002,NaN,NaN
NaN,NaN,NaN,NaN,NaN,NaN,NaN,NaN,NaN,NaN,NaN,NaN,NaN, 1.4933036E+002, 5.2745909E-002,NaN,NaN
NaN,NaN,NaN,NaN,NaN,NaN,NaN,NaN,NaN,NaN,NaN,NaN,NaN, 1.5000000E+002, 5.2378620E-002,NaN,NaN
