cm,K,K,cm,K,K,K,K,K,K,K,K,K,K,cm,cm,kW/m2,kW/m2,kW/m2,kW/m2,cm,kW/m2
z,T_CL,T_CL_RMS,r,T_20,T_20_RMS,T_60,T_60_RMS,T_100,T_100_RMS,T_140,T_140_RMS,T_180,T_180_RMS,r2,HF_00-y,HF_00,HF_41,HF_61,HF_81,z2,HF_207
 5.0000000E-001, 4.1186544E+002, 1.2776856E+001,-9.5000000E+000, 1.1160733E+003, 1.3898437E+002, 1.0663608E+003, 2.2197645E+002, 8.8115416E+002, 2.9344939E+002, 7.4600564E+002, 2.6819700E+002, 6.1114243E+002, 1.9279427E+002, 5.2000000E+001, 1.0000000E-001, 3.2722145E+000, 1.1074911E+001, 9.9870574E+000, 9.1216732E+000, 0.0000000E+000, 8.9672236E-001
 4.4622642E+000, 6.8211318E+002, 7.0636027E+001,-5.2857143E+000, 9.5029185E+002, 1.8067703E+002, 1.2126323E+003, 1.5847301E+002, 1.0018066E+003, 2.5182028E+002, 8.1674555E+002, 2.6491204E+002, 6.3919268E+002, 1.9875546E+002, 5.6480000E+001, 2.9900000E-001, 3.8753409E+000, 9.9811905E+000, 9.0548265E+000, 8.2698520E+000, 4.5000000E+000, 8.6051681E-001
 8.4245283E+000, 7.9582389E+002, 1.3995681E+002,-1.0714286E+000, 1.0094041E+003, 2.0810376E+002, 1.2029052E+003, 1.4881584E+002, 1.0364688E+003, 2.2339028E+002, 8.5334163E+002, 2.6392313E+002, 6.5237743E+002, 1.9438875E+002, 6.0960000E+001, 4.9800000E-001, 3.2353943E+000, 8.6558659E+000, 7.9781880E+000, 7.3428382E+000, 9.0000000E+000, 8.9100970E-001
 1.2386792E+001, 9.0747963E+002, 1.9799164E+002, 3.1428571E+000, 1.1255395E+003, 1.9720888E+002, 1.1289742E+003, 2.0680872E+002, 1.0220539E+003, 2.3910515E+002, 8.5449781E+002, 2.4271605E+002, 6.6896209E+002, 1.9877594E+002, 6.5440000E+001, 6.9700000E-001, 2.9200015E+000, 8.0337726E+000, 7.4548684E+000, 6.8801307E+000, 1.3500000E+001, 9.8205844E-001
 1.6349057E+001, 9.6927640E+002, 2.0380407E+002, 7.3571429E+000, 1.2110894E+003, 1.7112741E+002, 1.0513334E+003, 2.4347572E+002, 9.8454993E+002, 2.5257576E+002, 8.1387635E+002, 2.2733764E+002, 6.3900595E+002, 1.8764288E+002, 6.9920000E+001, 8.9600000E-001, 2.6488467E+000, 7.4658871E+000, 6.9747455E+000, 6.4568403E+000, 1.8000000E+001, 1.1412776E+000
 2.0311321E+001, 1.0182361E+003, 1.9211348E+002, 1.1571429E+001, 1.1400195E+003, 2.2795607E+002, 8.6290741E+002, 2.3660354E+002, 8.4077594E+002, 2.4051155E+002, 7.4837440E+002, 2.3173233E+002, 5.9243384E+002, 1.5974536E+002, 7.4400000E+001, 1.0950000E+000, 2.4134066E+000, 6.9477733E+000, 6.5336502E+000, 6.0682824E+000, 2.2500000E+001, 1.1509626E+000
 2.4273585E+001, 1.0816522E+003, 1.9263607E+002, 1.5785714E+001, 9.7964374E+002, 2.5915934E+002, 6.7671455E+002, 1.9205680E+002, 7.0074802E+002, 1.7907343E+002, 6.6122687E+002, 1.8663906E+002, 5.5584002E+002, 1.4613509E+002, 7.8880000E+001, 1.2940000E+000, 2.0255154E+000, 6.0437912E+000, 5.7540847E+000, 5.3801396E+000, 2.7000000E+001, 1.1258339E+000
 2.8235849E+001, 1.1132703E+003, 1.9290085E+002, 2.0000000E+001, 7.5608744E+002, 2.2740576E+002, 5.2971765E+002, 1.4745019E+002, 5.8408492E+002, 1.3931072E+002, 5.8479474E+002, 1.5878664E+002, 5.3197793E+002, 1.5127115E+002, 8.3360000E+001, 1.4930000E+000, 1.8642534E+000, 5.6499044E+000, 5.4092504E+000, 5.0743763E+000, 3.1500000E+001, 1.0907812E+000
 3.2198113E+001, 1.1253763E+003, 1.8738088E+002, 2.4214286E+001, 6.1754920E+002, 1.9461918E+002, 4.8312621E+002, 1.5097919E+002, 4.9961297E+002, 1.2857559E+002, 5.3661643E+002, 1.5071336E+002, 5.0902441E+002, 1.6569722E+002, 8.7840000E+001, 1.6920000E+000, 1.7203989E+000, 5.2898308E+000, 5.0906375E+000, 4.7907909E+000, 3.6000000E+001, 1.0644781E+000
 3.6160377E+001, 1.1290338E+003, 1.7786085E+002, 2.8428571E+001, 5.4442879E+002, 1.8213807E+002, 4.2318364E+002, 1.0242055E+002, 4.4308814E+002, 1.3120237E+002, 4.5499204E+002, 1.0786802E+002, 4.7145396E+002, 1.4079079E+002, 9.2320000E+001, 1.8910000E+000, 1.5914562E+000, 4.9602263E+000, 4.7957822E+000, 4.5273108E+000, 4.0500000E+001, 1.0600524E+000
 4.0122642E+001, 1.1581661E+003, 1.7242877E+002, 3.2642857E+001, 5.5434197E+002, 1.8382060E+002, 3.8602559E+002, 7.4127522E+001, 4.1220421E+002, 9.4310231E+001, 4.0738403E+002, 9.0097847E+001, 4.5002114E+002, 1.1946226E+002, 9.6800000E+001, 2.0900000E+000, 1.4753868E+000, 4.6580317E+000, 4.5224786E+000, 4.2821460E+000, 4.5000000E+001, 1.0749218E+000
 4.4084906E+001, 1.1728251E+003, 1.7154086E+002, 3.6857143E+001, 5.1785386E+002, 1.9562279E+002, 3.5847904E+002, 5.8025027E+001, 3.7734746E+002, 6.5463094E+001, 3.7627527E+002, 7.3913670E+001, 4.3032877E+002, 1.1044496E+002, 1.0128000E+002, 2.2890000E+000, 1.2754051E+000, 4.1250381E+000, 4.0328895E+000, 3.8407154E+000, 4.9500000E+001, 1.0924709E+000
 4.8047170E+001, 1.1760505E+003, 1.7128560E+002, 4.1071429E+001, 4.6505931E+002, 1.5139618E+002, 3.3624723E+002, 3.8747238E+001, 3.3828033E+002, 2.9549625E+001, 3.6088005E+002, 5.7173176E+001, 4.0162023E+002, 9.2931351E+001, 1.0576000E+002, 2.4880000E+000, 1.1888995E+000, 3.8894872E+000, 3.8133180E+000, 3.6418570E+000, 5.4000000E+001, 1.1073548E+000
 5.2009434E+001, 1.1837086E+003, 1.7176042E+002, 4.5285714E+001, 3.4195540E+002, 6.4150064E+001, 3.2394812E+002, 2.8485721E+001, 3.2490177E+002, 2.8241634E+001, 3.4502268E+002, 4.1666911E+001, 3.5075364E+002, 5.7221052E+001, 1.1024000E+002, 2.6870000E+000, 1.1099833E+000, 3.6718109E+000, 3.6086825E+000, 3.4560617E+000, 5.8500000E+001, 1.1166651E+000
 5.5971698E+001, 1.1726287E+003, 1.7373915E+002, 4.9500000E+001, 3.0912814E+002, 3.7510354E+000, 3.1952021E+002, 2.4502348E+001, 3.2388511E+002, 2.4977680E+001, 3.2563795E+002, 2.1777229E+001, 3.4212650E+002, 4.7946006E+001, 1.1472000E+002, 2.8860000E+000, 1.0377988E+000, 3.4702223E+000, 3.4177729E+000, 3.2823254E+000, 6.3000000E+001, 1.1181489E+000
 5.9933962E+001, 1.1654360E+003, 1.7801693E+002,NaN,NaN,NaN,NaN,NaN,NaN,NaN,NaN,NaN,NaN,NaN, 1.1920000E+002, 3.0850000E+000, 9.7160896E-001, 3.2831363E+000, 3.2395137E+000, 3.1197239E+000, 6.7500000E+001, 1.1133582E+000
 6.3896226E+001, 1.1598330E+003, 1.8214613E+002,NaN,NaN,NaN,NaN,NaN,NaN,NaN,NaN,NaN,NaN,NaN, 1.2368000E+002, 3.2840000E+000, 9.1077871E-001, 3.1091497E+000, 3.0729427E+000, 2.9674023E+000, 7.2000000E+001, 1.1073407E+000
 6.7858491E+001, 1.1525662E+003, 1.8218168E+002,NaN,NaN,NaN,NaN,NaN,NaN,NaN,NaN,NaN,NaN,NaN, 1.2816000E+002, 3.4830000E+000, 8.0306453E-001, 2.7956569E+000, 2.7714862E+000, 2.6904808E+000, 7.6500000E+001, 1.1013205E+000
 7.1820755E+001, 1.1501946E+003, 1.8514387E+002,NaN,NaN,NaN,NaN,NaN,NaN,NaN,NaN,NaN,NaN,NaN, 1.3264000E+002, 3.6820000E+000, 7.5528017E-001, 2.6540879E+000, 2.6351010E+000, 2.5644630E+000, 8.1000000E+001, 1.0956614E+000
 7.5783019E+001, 1.1514611E+003, 1.8965186E+002,NaN,NaN,NaN,NaN,NaN,NaN,NaN,NaN,NaN,NaN,NaN, 1.3712000E+002, 3.8810000E+000, 7.0341396E-001, 2.4961989E+000, 2.4811480E+000, 2.4198025E+000, 8.5500000E+001, 1.0844987E+000
 7.9745283E+001, 1.1405873E+003, 1.9233314E+002,NaN,NaN,NaN,NaN,NaN,NaN,NaN,NaN,NaN,NaN,NaN, 1.4160000E+002, 4.0800000E+000, 6.6314845E-001, 2.3735925E+000, 2.3632908E+000, 2.3098691E+000, 9.0000000E+001, 1.0790884E+000
 8.3707547E+001, 1.1332379E+003, 2.0324495E+002,NaN,NaN,NaN,NaN,NaN,NaN,NaN,NaN,NaN,NaN,NaN, 1.4608000E+002, 4.2790000E+000, 6.2575828E-001, 2.2584343E+000, 2.2528550E+000, 2.2062063E+000, 9.4500000E+001, 1.0743770E+000
 8.7669811E+001, 1.1185040E+003, 2.1476644E+002,NaN,NaN,NaN,NaN,NaN,NaN,NaN,NaN,NaN,NaN,NaN, 1.5056000E+002, 4.4780000E+000, 5.5861552E-001, 2.0481805E+000, 2.0521886E+000, 2.0158595E+000, 9.9000000E+001, 1.0702150E+000
 9.1632075E+001, 1.0900694E+003, 2.3275727E+002,NaN,NaN,NaN,NaN,NaN,NaN,NaN,NaN,NaN,NaN,NaN, 1.5504000E+002, 4.6770000E+000, 5.2843388E-001, 1.9520976E+000, 1.9610076E+000, 1.9283703E+000, 1.0350000E+002, 1.0654631E+000
 9.5594340E+001, 1.0780774E+003, 2.3851360E+002,NaN,NaN,NaN,NaN,NaN,NaN,NaN,NaN,NaN,NaN,NaN, 1.5952000E+002, 4.8760000E+000, 5.0026279E-001, 1.8614723E+000, 1.8753421E+000, 1.8455354E+000, 1.0800000E+002, 1.0495879E+000
 9.9556604E+001, 1.0683501E+003, 2.3787689E+002,NaN,NaN,NaN,NaN,NaN,NaN,NaN,NaN,NaN,NaN,NaN, 1.6400000E+002, 5.0750000E+000, 4.7393891E-001, 1.7759309E+000, 1.7947857E+000, 1.7670489E+000, 1.1250000E+002, 1.0380044E+000
 1.0351887E+002, 1.0338827E+003, 2.3377064E+002,NaN,NaN,NaN,NaN,NaN,NaN,NaN,NaN,NaN,NaN,NaN, 1.6848000E+002, 5.2740000E+000, 4.4931389E-001, 1.6951372E+000, 1.7189574E+000, 1.6926378E+000, 1.1700000E+002, 1.0252132E+000
 1.0748113E+002, 1.0115958E+003, 2.3324841E+002,NaN,NaN,NaN,NaN,NaN,NaN,NaN,NaN,NaN,NaN,NaN, 1.7296000E+002, 5.4730000E+000, 4.0464185E-001, 1.5466067E+000, 1.5800807E+000, 1.5550860E+000, 1.2150000E+002, 1.0124356E+000
 1.1144340E+002, 9.6911610E+002, 2.3902237E+002,NaN,NaN,NaN,NaN,NaN,NaN,NaN,NaN,NaN,NaN,NaN, 1.7744000E+002, 5.6720000E+000, 3.8436490E-001, 1.4783441E+000, 1.5163887E+000, 1.4915248E+000, 1.2600000E+002, 1.0003313E+000
 1.1540566E+002, 9.4861023E+002, 2.4645201E+002,NaN,NaN,NaN,NaN,NaN,NaN,NaN,NaN,NaN,NaN,NaN, 1.8192000E+002, 5.8710000E+000, 3.6535487E-001, 1.4138044E+000, 1.4561932E+000, 1.4312478E+000, 1.3050000E+002, 9.7757501E-001
 1.1936792E+002, 9.3406242E+002, 2.5216420E+002,NaN,NaN,NaN,NaN,NaN,NaN,NaN,NaN,NaN,NaN,NaN, 1.8640000E+002, 6.0700000E+000, 3.4745418E-001, 1.3527089E+000, 1.3991092E+000, 1.3739715E+000, 1.3500000E+002, 9.6595882E-001
 1.2333019E+002, 9.2091262E+002, 2.5503856E+002,NaN,NaN,NaN,NaN,NaN,NaN,NaN,NaN,NaN,NaN,NaN, 1.9088000E+002, 6.2690000E+000, 3.3061348E-001, 1.2948983E+000, 1.3449485E+000, 1.3196004E+000, 1.3950000E+002, 9.5371525E-001
 1.2729245E+002, 9.1073316E+002, 2.5672863E+002,NaN,NaN,NaN,NaN,NaN,NaN,NaN,NaN,NaN,NaN,NaN, 1.9536000E+002, 6.4680000E+000, 2.9981654E-001, 1.1884271E+000, 1.2445063E+000, 1.2190018E+000, 1.4400000E+002, 9.4080835E-001
 1.3125472E+002, 9.0102140E+002, 2.5848440E+002,NaN,NaN,NaN,NaN,NaN,NaN,NaN,NaN,NaN,NaN,NaN, 1.9984000E+002, 6.6670000E+000, 2.8572664E-001, 1.1394438E+000, 1.1978254E+000, 1.1725068E+000, 1.4850000E+002, 9.2736062E-001
 1.3521698E+002, 8.9160796E+002, 2.5978052E+002,NaN,NaN,NaN,NaN,NaN,NaN,NaN,NaN,NaN,NaN,NaN, 2.0432000E+002, 6.8660000E+000, 2.7242834E-001, 1.0930969E+000, 1.1532677E+000, 1.1283793E+000, 1.5300000E+002, 8.9929225E-001
 1.3917925E+002, 8.7358401E+002, 2.5717785E+002,NaN,NaN,NaN,NaN,NaN,NaN,NaN,NaN,NaN,NaN,NaN, 2.0880000E+002, 7.0650000E+000, 2.5986762E-001, 1.0492483E+000, 1.1106757E+000, 1.0864980E+000, 1.5750000E+002, 8.8476310E-001
 1.4314151E+002, 8.3504634E+002, 2.5340337E+002,NaN,NaN,NaN,NaN,NaN,NaN,NaN,NaN,NaN,NaN,NaN, 2.1328000E+002, 7.2640000E+000, 2.4799470E-001, 1.0077675E+000, 1.0699066E+000, 1.0467457E+000, 1.6200000E+002, 8.6994361E-001
 1.4710377E+002, 8.1028909E+002, 2.5501414E+002,NaN,NaN,NaN,NaN,NaN,NaN,NaN,NaN,NaN,NaN,NaN, 2.1776000E+002, 7.4630000E+000, 2.2613294E-001, 9.3142041E-001, 9.9333655E-001, 9.7317482E-001, 1.6650000E+002, 8.5489059E-001
 1.5106604E+002, 7.8648723E+002, 2.5495813E+002,NaN,NaN,NaN,NaN,NaN,NaN,NaN,NaN,NaN,NaN,NaN, 2.2224000E+002, 7.6620000E+000, 2.2162298E-001, 9.1026579E-001, 9.7014498E-001, 9.5160470E-001, 1.7100000E+002, 8.3967731E-001
 1.5502830E+002, 7.6507558E+002, 2.4802161E+002,NaN,NaN,NaN,NaN,NaN,NaN,NaN,NaN,NaN,NaN,NaN, 2.2672000E+002, 7.8610000E+000, 2.1216330E-001, 8.7773383E-001, 9.3630228E-001, 9.1993320E-001, 1.7550000E+002, 8.0904449E-001
 1.5899057E+002, 7.4100245E+002, 2.3518988E+002,NaN,NaN,NaN,NaN,NaN,NaN,NaN,NaN,NaN,NaN,NaN, 2.3120000E+002, 8.0600000E+000, 2.0318519E-001, 8.4695978E-001, 9.0372111E-001, 8.8979523E-001, 1.8000000E+002, 7.9371234E-001
 1.6295283E+002, 7.1902736E+002, 2.2622380E+002,NaN,NaN,NaN,NaN,NaN,NaN,NaN,NaN,NaN,NaN,NaN, 2.3568000E+002, 8.2590000E+000, 1.9465920E-001, 8.1784708E-001, 8.7233078E-001, 8.6109352E-001,NaN,NaN
 1.6691509E+002, 7.0123457E+002, 2.1950552E+002,NaN,NaN,NaN,NaN,NaN,NaN,NaN,NaN,NaN,NaN,NaN, 2.4016000E+002, 8.4580000E+000, 1.7885494E-001, 7.6423815E-001, 8.1287972E-001, 8.0762679E-001,NaN,NaN
 1.7087736E+002, 6.9102727E+002, 2.1465297E+002,NaN,NaN,NaN,NaN,NaN,NaN,NaN,NaN,NaN,NaN,NaN, 2.4464000E+002, 8.6570000E+000, 1.7152772E-001, 7.3956788E-001, 7.8471543E-001, 7.8268416E-001,NaN,NaN
 1.7483962E+002, 6.8161683E+002, 2.0891430E+002,NaN,NaN,NaN,NaN,NaN,NaN,NaN,NaN,NaN,NaN,NaN, 2.4912000E+002, 8.8560000E+000, 1.6455422E-001, 7.1621088E-001, 7.5753324E-001, 7.5882331E-001,NaN,NaN
 1.7880189E+002, 6.6780855E+002, 1.9914406E+002,NaN,NaN,NaN,NaN,NaN,NaN,NaN,NaN,NaN,NaN,NaN, 2.5360000E+002, 9.0550000E+000, 1.5791384E-001, 6.9408879E-001, 7.3129523E-001, 7.3596501E-001,NaN,NaN
 1.8276415E+002, 6.5668980E+002, 1.9011871E+002,NaN,NaN,NaN,NaN,NaN,NaN,NaN,NaN,NaN,NaN,NaN, 2.5808000E+002, 9.2540000E+000, 1.5158775E-001, 6.7312700E-001, 7.0596782E-001, 7.1403396E-001,NaN,NaN
 1.8672642E+002, 6.4099439E+002, 1.7730323E+002,NaN,NaN,NaN,NaN,NaN,NaN,NaN,NaN,NaN,NaN,NaN, 2.6256000E+002, 9.4530000E+000, 1.3980884E-001, 6.3440206E-001, 6.5792773E-001, 6.7267531E-001,NaN,NaN
 1.9068868E+002, 6.2634367E+002, 1.6444425E+002,NaN,NaN,NaN,NaN,NaN,NaN,NaN,NaN,NaN,NaN,NaN, 2.6704000E+002, 9.6520000E+000, 1.3432398E-001, 6.1650596E-001, 6.3516335E-001, 6.5312020E-001,NaN,NaN
 1.9465094E+002, 6.1567426E+002, 1.5547718E+002,NaN,NaN,NaN,NaN,NaN,NaN,NaN,NaN,NaN,NaN,NaN, 2.7152000E+002, 9.8510000E+000, 1.2908936E-001, 5.9950463E-001, 6.1320558E-001, 6.3423742E-001,NaN,NaN
 1.9861321E+002, 6.0667468E+002, 1.5065555E+002,NaN,NaN,NaN,NaN,NaN,NaN,NaN,NaN,NaN,NaN,NaN, 2.7600000E+002, 1.0050000E+001, 1.2409125E-001, 5.8333946E-001, 5.9203345E-001, 6.1597503E-001,NaN,NaN
 2.0257547E+002, 5.9990384E+002, 1.4945926E+002,NaN,NaN,NaN,NaN,NaN,NaN,NaN,NaN,NaN,NaN,NaN, 2.8048000E+002, 1.0249000E+001, 1.1931723E-001, 5.6795574E-001, 5.7162765E-001, 5.9828508E-001,NaN,NaN
 2.0653774E+002, 5.9387488E+002, 1.5089952E+002,NaN,NaN,NaN,NaN,NaN,NaN,NaN,NaN,NaN,NaN,NaN, 2.8496000E+002, 1.0448000E+001, 1.1475500E-001, 5.5330105E-001, 5.5196908E-001, 5.8112480E-001,NaN,NaN
 2.1050000E+002, 5.8370289E+002, 1.4945943E+002,NaN,NaN,NaN,NaN,NaN,NaN,NaN,NaN,NaN,NaN,NaN, 2.8944000E+002, 1.0647000E+001, 1.0622224E-001, 5.2598610E-001, 5.1482144E-001, 5.4824175E-001,NaN,NaN
NaN,NaN,NaN,NaN,NaN,NaN,NaN,NaN,NaN,NaN,NaN,NaN,NaN,NaN, 2.9392000E+002, 1.0846000E+001, 1.0223138E-001, 5.1323617E-001, 4.9729663E-001, 5.3245386E-001,NaN,NaN
NaN,NaN,NaN,NaN,NaN,NaN,NaN,NaN,NaN,NaN,NaN,NaN,NaN,NaN, 2.9840000E+002, 1.1045000E+001, 9.8411481E-002, 5.0103565E-001, 4.8044748E-001, 5.1706481E-001,NaN,NaN
NaN,NaN,NaN,NaN,NaN,NaN,NaN,NaN,NaN,NaN,NaN,NaN,NaN,NaN, 3.0288000E+002, 1.1244000E+001, 9.4765549E-002, 4.8937682E-001, 4.6428298E-001, 5.0207168E-001,NaN,NaN
NaN,NaN,NaN,NaN,NaN,NaN,NaN,NaN,NaN,NaN,NaN,NaN,NaN,NaN, 3.0736000E+002, 1.1443000E+001, 9.7315435E-002, 4.9878611E-001, 4.7244728E-001, 5.0724888E-001,NaN,NaN
NaN,NaN,NaN,NaN,NaN,NaN,NaN,NaN,NaN,NaN,NaN,NaN,NaN,NaN, 3.1184000E+002, 1.1642000E+001, 9.0650208E-002, 4.7759289E-001, 4.4364104E-001, 4.7906335E-001,NaN,NaN
NaN,NaN,NaN,NaN,NaN,NaN,NaN,NaN,NaN,NaN,NaN,NaN,NaN,NaN, 3.1632000E+002, 1.1841000E+001, 8.7515705E-002, 4.6756156E-001, 4.3010057E-001, 4.6543893E-001,NaN,NaN
NaN,NaN,NaN,NaN,NaN,NaN,NaN,NaN,NaN,NaN,NaN,NaN,NaN,NaN, 3.2080000E+002, 1.2040000E+001, 8.4504522E-002, 4.5787112E-001, 4.1711063E-001, 4.5211405E-001,NaN,NaN
NaN,NaN,NaN,NaN,NaN,NaN,NaN,NaN,NaN,NaN,NaN,NaN,NaN,NaN, 3.2528000E+002, 1.2239000E+001, 8.1610841E-002, 4.4849740E-001, 4.0465303E-001, 4.3908196E-001,NaN,NaN
NaN,NaN,NaN,NaN,NaN,NaN,NaN,NaN,NaN,NaN,NaN,NaN,NaN,NaN, 3.2976000E+002, 1.2438000E+001, 7.8829006E-002, 4.3941810E-001, 3.9270953E-001, 4.2633754E-001,NaN,NaN
NaN,NaN,NaN,NaN,NaN,NaN,NaN,NaN,NaN,NaN,NaN,NaN,NaN,NaN, 3.3424000E+002, 1.2637000E+001, 7.3579946E-002, 4.2206176E-001, 3.7029123E-001, 4.0169656E-001,NaN,NaN
NaN,NaN,NaN,NaN,NaN,NaN,NaN,NaN,NaN,NaN,NaN,NaN,NaN,NaN, 3.3872000E+002, 1.2836000E+001, 7.1102832E-002, 4.1374757E-001, 3.5977919E-001, 3.8979434E-001,NaN,NaN
NaN,NaN,NaN,NaN,NaN,NaN,NaN,NaN,NaN,NaN,NaN,NaN,NaN,NaN, 3.4320000E+002, 1.3035000E+001, 6.8718209E-002, 4.0565396E-001, 3.4970766E-001, 3.7816926E-001,NaN,NaN
NaN,NaN,NaN,NaN,NaN,NaN,NaN,NaN,NaN,NaN,NaN,NaN,NaN,NaN, 3.4768000E+002, 1.3234000E+001, 6.6421943E-002, 3.9776641E-001, 3.4005885E-001, 3.6682059E-001,NaN,NaN
NaN,NaN,NaN,NaN,NaN,NaN,NaN,NaN,NaN,NaN,NaN,NaN,NaN,NaN, 3.5216000E+002, 1.3433000E+001, 6.4209637E-002, 3.9007123E-001, 3.3081470E-001, 3.5574722E-001,NaN,NaN
NaN,NaN,NaN,NaN,NaN,NaN,NaN,NaN,NaN,NaN,NaN,NaN,NaN,NaN, 3.5664000E+002, 1.3632000E+001, 6.0022935E-002, 3.7520888E-001, 3.1347005E-001, 3.3442501E-001,NaN,NaN
NaN,NaN,NaN,NaN,NaN,NaN,NaN,NaN,NaN,NaN,NaN,NaN,NaN,NaN, 3.6112000E+002, 1.3831000E+001, 5.8041583E-002, 3.6801969E-001, 3.0533601E-001, 3.2417587E-001,NaN,NaN
NaN,NaN,NaN,NaN,NaN,NaN,NaN,NaN,NaN,NaN,NaN,NaN,NaN,NaN, 3.6560000E+002, 1.4030000E+001, 5.6130303E-002, 3.6097949E-001, 2.9753918E-001, 3.1420037E-001,NaN,NaN
NaN,NaN,NaN,NaN,NaN,NaN,NaN,NaN,NaN,NaN,NaN,NaN,NaN,NaN, 3.7008000E+002, 1.4229000E+001, 5.4286929E-002, 3.5407978E-001, 2.9006353E-001, 3.0449748E-001,NaN,NaN
NaN,NaN,NaN,NaN,NaN,NaN,NaN,NaN,NaN,NaN,NaN,NaN,NaN,NaN, 3.7456000E+002, 1.4428000E+001, 5.2508505E-002, 3.4731286E-001, 2.8289367E-001, 2.9506631E-001,NaN,NaN
NaN,NaN,NaN,NaN,NaN,NaN,NaN,NaN,NaN,NaN,NaN,NaN,NaN,NaN, 3.7904000E+002, 1.4627000E+001, 4.9135150E-002, 3.3414990E-001, 2.6941239E-001, 2.7701442E-001,NaN,NaN
NaN,NaN,NaN,NaN,NaN,NaN,NaN,NaN,NaN,NaN,NaN,NaN,NaN,NaN, 3.8352000E+002, 1.4826000E+001, 4.7535329E-002, 3.2774129E-001, 2.6307263E-001, 2.6838979E-001,NaN,NaN
NaN,NaN,NaN,NaN,NaN,NaN,NaN,NaN,NaN,NaN,NaN,NaN,NaN,NaN, 3.8800000E+002, 1.5025000E+001, 5.0341573E-002, 3.3726637E-001, 2.8015955E-001, 2.7904130E-001,NaN,NaN
NaN,NaN,NaN,NaN,NaN,NaN,NaN,NaN,NaN,NaN,NaN,NaN,NaN,NaN, 3.9248000E+002, 1.5224000E+001, 4.8807664E-002, 3.3100225E-001, 2.7437721E-001, 2.7108764E-001,NaN,NaN
NaN,NaN,NaN,NaN,NaN,NaN,NaN,NaN,NaN,NaN,NaN,NaN,NaN,NaN, 3.9696000E+002, 1.5423000E+001, 4.7323276E-002, 3.2483044E-001, 2.6880264E-001, 2.6338285E-001,NaN,NaN
NaN,NaN,NaN,NaN,NaN,NaN,NaN,NaN,NaN,NaN,NaN,NaN,NaN,NaN, 4.0144000E+002, 1.5622000E+001, 4.4495447E-002, 3.1275183E-001, 2.5823348E-001, 2.4870482E-001,NaN,NaN
NaN,NaN,NaN,NaN,NaN,NaN,NaN,NaN,NaN,NaN,NaN,NaN,NaN,NaN, 4.0592000E+002, 1.5821000E+001, 4.3148403E-002, 3.0683945E-001, 2.5321811E-001, 2.4172265E-001,NaN,NaN
NaN,NaN,NaN,NaN,NaN,NaN,NaN,NaN,NaN,NaN,NaN,NaN,NaN,NaN, 4.1040000E+002, 1.6020000E+001, 4.1844094E-002, 3.0100863E-001, 2.4836938E-001, 2.3497175E-001,NaN,NaN
NaN,NaN,NaN,NaN,NaN,NaN,NaN,NaN,NaN,NaN,NaN,NaN,NaN,NaN, 4.1488000E+002, 1.6219000E+001, 4.0581030E-002, 2.9525759E-001, 2.4367840E-001, 2.2844695E-001,NaN,NaN
NaN,NaN,NaN,NaN,NaN,NaN,NaN,NaN,NaN,NaN,NaN,NaN,NaN,NaN, 4.1936000E+002, 1.6418000E+001, 3.9357433E-002, 2.8958428E-001, 2.3913641E-001, 2.2214250E-001,NaN,NaN
NaN,NaN,NaN,NaN,NaN,NaN,NaN,NaN,NaN,NaN,NaN,NaN,NaN,NaN, 4.2384000E+002, 1.6617000E+001, 3.7026009E-002, 2.7848960E-001, 2.3046702E-001, 2.1016983E-001,NaN,NaN
NaN,NaN,NaN,NaN,NaN,NaN,NaN,NaN,NaN,NaN,NaN,NaN,NaN,NaN, 4.2832000E+002, 1.6816000E+001, 3.5912669E-002, 2.7303930E-001, 2.2632369E-001, 2.0449313E-001,NaN,NaN
NaN,NaN,NaN,NaN,NaN,NaN,NaN,NaN,NaN,NaN,NaN,NaN,NaN,NaN, 4.3280000E+002, 1.7015000E+001, 3.4833675E-002, 2.6766108E-001, 2.2229924E-001, 1.9901334E-001,NaN,NaN
NaN,NaN,NaN,NaN,NaN,NaN,NaN,NaN,NaN,NaN,NaN,NaN,NaN,NaN, 4.3728000E+002, 1.7214000E+001, 3.3787758E-002, 2.6235419E-001, 2.1838725E-001, 1.9372432E-001,NaN,NaN
NaN,NaN,NaN,NaN,NaN,NaN,NaN,NaN,NaN,NaN,NaN,NaN,NaN,NaN, 4.4176000E+002, 1.7413000E+001, 3.2774106E-002, 2.5711794E-001, 2.1458192E-001, 1.8862062E-001,NaN,NaN
NaN,NaN,NaN,NaN,NaN,NaN,NaN,NaN,NaN,NaN,NaN,NaN,NaN,NaN, 4.4624000E+002, 1.7612000E+001, 3.1791648E-002, 2.5195177E-001, 2.1087780E-001, 1.8369629E-001,NaN,NaN
NaN,NaN,NaN,NaN,NaN,NaN,NaN,NaN,NaN,NaN,NaN,NaN,NaN,NaN, 4.5072000E+002, 1.7811000E+001, 2.9916016E-002, 2.4182747E-001, 2.0375277E-001, 1.7436247E-001,NaN,NaN
NaN,NaN,NaN,NaN,NaN,NaN,NaN,NaN,NaN,NaN,NaN,NaN,NaN,NaN, 4.5520000E+002, 1.8010000E+001, 2.9019961E-002, 2.3686721E-001, 2.0032145E-001, 1.6994016E-001,NaN,NaN
NaN,NaN,NaN,NaN,NaN,NaN,NaN,NaN,NaN,NaN,NaN,NaN,NaN,NaN, 4.5968000E+002, 1.8209000E+001, 2.8150772E-002, 2.3197430E-001, 1.9697150E-001, 1.6567241E-001,NaN,NaN
NaN,NaN,NaN,NaN,NaN,NaN,NaN,NaN,NaN,NaN,NaN,NaN,NaN,NaN, 4.6416000E+002, 1.8408000E+001, 2.7308430E-002, 2.2714938E-001, 1.9369936E-001, 1.6155342E-001,NaN,NaN
NaN,NaN,NaN,NaN,NaN,NaN,NaN,NaN,NaN,NaN,NaN,NaN,NaN,NaN, 4.6864000E+002, 1.8607000E+001, 2.6491554E-002, 2.2239211E-001, 1.9050152E-001, 1.5757836E-001,NaN,NaN
NaN,NaN,NaN,NaN,NaN,NaN,NaN,NaN,NaN,NaN,NaN,NaN,NaN,NaN, 4.7312000E+002, 1.8806000E+001, 2.7834058E-002, 2.2545006E-001, 2.0395052E-001, 1.6832586E-001,NaN,NaN
NaN,NaN,NaN,NaN,NaN,NaN,NaN,NaN,NaN,NaN,NaN,NaN,NaN,NaN, 4.7760000E+002, 1.9005000E+001, 2.7056943E-002, 2.2087009E-001, 2.0091508E-001, 1.6479745E-001,NaN,NaN
NaN,NaN,NaN,NaN,NaN,NaN,NaN,NaN,NaN,NaN,NaN,NaN,NaN,NaN, 4.8208000E+002, 1.9204000E+001, 2.6300765E-002, 2.1635175E-001, 1.9793045E-001, 1.6138045E-001,NaN,NaN
NaN,NaN,NaN,NaN,NaN,NaN,NaN,NaN,NaN,NaN,NaN,NaN,NaN,NaN, 4.8656000E+002, 1.9403000E+001, 2.5564986E-002, 2.1189502E-001, 1.9499458E-001, 1.5807013E-001,NaN,NaN
NaN,NaN,NaN,NaN,NaN,NaN,NaN,NaN,NaN,NaN,NaN,NaN,NaN,NaN, 4.9104000E+002, 1.9602000E+001, 2.4849598E-002, 2.0750025E-001, 1.9210505E-001, 1.5486111E-001,NaN,NaN
NaN,NaN,NaN,NaN,NaN,NaN,NaN,NaN,NaN,NaN,NaN,NaN,NaN,NaN, 4.9552000E+002, 1.9801000E+001, 2.3476760E-002, 1.9889637E-001, 1.8645693E-001, 1.4872983E-001,NaN,NaN
NaN,NaN,NaN,NaN,NaN,NaN,NaN,NaN,NaN,NaN,NaN,NaN,NaN,NaN, 5.0000000E+002, 2.0000000E+001, 2.2817748E-002, 1.9468637E-001, 1.8369446E-001, 1.4579875E-001,NaN,NaN
