cm,K,K,m/s,K,K,m/s,mol/mol,mol/mol,mol/mol,mol/mol,mol/mol,mol/mol,mol/mol,kg/kg,cm,kW/m2,kW/m2,cm,kW/m2,cm,kW/m2,cm,K,K,K,K,K,K,K,K,K,K
z,TC_CL,TG_CL,w_CL,TC_CL_RMS,TG_CL_RMS,w_CL_RMS,X_O2,X_CO2,X_CO,X_FUEL,X_H2O,X_H2,X_N2,Y_Soot,r_rad1,HF,radHF,z_rad,HF_vert,r_rad2,HF_hori,r_rad3,TC_03,TC_30,TC_41,TC_51,TC_61,TC_03_RMS,TC_30_RMS,TC_41_RMS,TC_51_RMS,TC_61_RMS
 1.0000000E+000, 5.2281591E+002, 5.2008370E+002, 2.2572700E-003, 1.3659242E+002, 1.4153259E+002, 3.6554228E-002, 8.9730485E-003, 1.5035202E-002, 1.1616524E-002, 7.7001472E-001, 4.2372710E-002, 1.1616524E-002, 1.4037128E-001, 0.0000000E+000,-4.0000000E+000, 2.4906530E+001, 2.3864610E+001, 0.0000000E+000, 1.0219533E+000, 1.6155494E+001, 4.2183669E+000,-4.0000000E+000, 7.5416931E+002, 9.8752425E+002, 8.7773781E+002, 7.6796807E+002, 6.7678606E+002, 2.2818319E+002, 2.0176950E+002, 2.2507441E+002, 2.3624945E+002, 2.1421772E+002
 3.0000000E+000, 6.8609217E+002, 6.8706932E+002, 4.3602130E-002, 1.8248028E+002, 1.9291078E+002, 1.4177114E-001, 1.5237226E-002, 2.7834525E-002, 2.0212843E-002, 5.8711833E-001, 7.7114357E-002, 2.0212843E-002, 2.5226987E-001, 0.0000000E+000,-3.0000000E+000, 2.4495890E+001, 2.3490838E+001, 2.5423729E+000, 9.3091683E-001, 1.8462585E+001, 3.2740451E+000,-2.0000000E+000, 6.6314988E+002, 1.1410101E+003, 1.0032963E+003, 8.5091364E+002, 7.2999699E+002, 1.3601737E+002, 1.7184744E+002, 2.2367522E+002, 2.5014873E+002, 2.3982720E+002
 5.0000000E+000, 8.1227000E+002, 8.1612480E+002, 3.2802670E-001, 2.2500734E+002, 2.3933285E+002, 2.7512647E-001, 1.7300101E-002, 3.6985453E-002, 2.6163819E-002, 4.6885209E-001, 1.0171188E-001, 2.6163819E-002, 3.2282285E-001, 0.0000000E+000,-2.0000000E+000, 2.4239234E+001, 2.3232478E+001, 5.0847458E+000, 1.1548974E+000, 2.0770544E+001, 2.6547608E+000,-5.0000000E-003, 6.7502775E+002, 1.1461359E+003, 1.0358861E+003, 8.8489313E+002, 7.5811232E+002, 1.2458396E+002, 1.5965565E+002, 2.2363365E+002, 2.6383621E+002, 2.5156802E+002
 7.0000000E+000, 8.7152771E+002, 8.7726998E+002, 7.5591502E-001, 2.3993562E+002, 2.5582079E+002, 3.4447033E-001, 1.7685687E-002, 4.1040543E-002, 2.8433521E-002, 4.2076593E-001, 1.1223142E-001, 2.8433521E-002, 3.5140938E-001, 0.0000000E+000,-1.0000000E+000, 2.4165428E+001, 2.3155212E+001, 7.6271186E+000, 1.2388411E+000, 2.3079112E+001, 2.2087403E+000, 2.0000000E+000, 7.3166313E+002, 1.0746269E+003, 9.7046853E+002, 8.5058012E+002, 7.3579244E+002, 1.9615653E+002, 2.0465327E+002, 2.3974661E+002, 2.6152991E+002, 2.5042584E+002
 9.0000000E+000, 9.6093072E+002, 9.6962182E+002, 1.1947731E+000, 2.6310359E+002, 2.8442879E+002, 3.9070299E-001, 1.8931604E-002, 4.6795705E-002, 3.0867349E-002, 3.5303135E-001, 1.2637938E-001, 3.0867349E-002, 3.9312726E-001, 0.0000000E+000,-5.0000000E-003, 2.4186324E+001, 2.3179344E+001, 1.0169492E+001, 1.1423156E+000, 2.5388123E+001, 1.8366576E+000, 4.0000000E+000, 8.6843216E+002, 9.1136794E+002, 8.4266138E+002, 7.6582666E+002, 6.8354324E+002, 2.8751787E+002, 2.4081664E+002, 2.5064162E+002, 2.5340102E+002, 2.3601023E+002
 1.1000000E+001, 1.0131467E+003, 1.0220399E+003, 1.5852815E+000, 2.6279123E+002, 2.8986122E+002, 4.3679221E-001, 2.1874803E-002, 5.0040792E-002, 3.1453344E-002, 3.0797675E-001, 1.3360441E-001, 3.1453344E-002, 4.2359656E-001, 0.0000000E+000, 1.0000000E+000, 2.4333356E+001, 2.3326778E+001, 1.2711864E+001, 1.1382255E+000, 2.7697465E+001, 1.5798545E+000, 6.0000000E+000, 1.0813977E+003, 7.2716880E+002, 7.0482898E+002, 6.6018886E+002, 6.1484605E+002, 2.6623004E+002, 2.3172656E+002, 2.3626796E+002, 2.2846066E+002, 2.0576424E+002
 1.3000000E+001, 1.0546692E+003, 1.0627202E+003, 1.9158018E+000, 2.6299928E+002, 2.9743136E+002, 4.9442092E-001, 2.5887375E-002, 5.2422897E-002, 3.1463048E-002, 2.6810975E-001, 1.3851775E-001, 3.1463048E-002, 4.5213614E-001, 0.0000000E+000, 2.0000000E+000, 2.4551865E+001, 2.3529414E+001, 1.5254237E+001, 1.1993027E+000, 3.0007063E+001, 1.3732227E+000, 8.0000000E+000, 1.1963101E+003, 5.9743164E+002, 5.8328858E+002, 5.5874279E+002, 5.4551867E+002, 1.7783288E+002, 1.8707916E+002, 1.8982061E+002, 1.7692738E+002, 1.7140092E+002
 1.5000000E+001, 1.0878540E+003, 1.0944907E+003, 2.1910053E+000, 2.6237954E+002, 3.0559013E+002, 5.7395351E-001, 3.1007505E-002, 5.4177103E-002, 3.0808840E-002, 2.3163873E-001, 1.4150833E-001, 3.0808840E-002, 4.8005065E-001, 0.0000000E+000, 3.0000000E+000, 2.4855840E+001, 2.3807887E+001, 1.7796610E+001, 1.2377912E+000, 3.2316861E+001, 1.1861913E+000, 1.0000000E+001, 8.5487771E+002, 4.9432072E+002, 4.8324641E+002, 4.8688008E+002, 4.8199910E+002, 2.2968569E+002, 1.4380343E+002, 1.3495711E+002, 1.4287486E+002, 1.3910510E+002
 1.7000000E+001, 1.1069257E+003, 1.1108917E+003, 2.4238345E+000, 2.5797482E+002, 3.1038689E+002, 6.6112567E-001, 3.7509717E-002, 5.4919069E-002, 2.9861379E-002, 1.9877100E-001, 1.4217598E-001, 2.9861379E-002, 5.0690147E-001, 0.0000000E+000, 4.0000000E+000, 2.5204853E+001, 2.4121596E+001, 2.0338983E+001, 1.2306655E+000, 3.4626819E+001, 1.0481514E+000, 1.2000000E+001, 3.9406397E+002, 4.2392313E+002, 4.1821133E+002, 4.2633846E+002, 4.3008394E+002, 1.1299880E+002, 1.1484841E+002, 1.0987731E+002, 1.1170957E+002, 1.0680337E+002
 1.9000000E+001, 1.1223340E+003, 1.1236328E+003, 2.6219178E+000, 2.6262359E+002, 3.2377579E+002, 7.5543820E-001, 4.3859849E-002, 5.5336616E-002, 2.8933375E-002, 1.6934668E-001, 1.4220270E-001, 2.8933375E-002, 5.3138741E-001, 0.0000000E+000, 5.0000000E+000, 2.5706945E+001, 2.4447890E+001, 2.2881356E+001, 1.2105507E+000, 3.6932576E+001, 9.5251621E-001, 1.4000000E+001, 3.0363747E+002, 3.7560400E+002, 3.7513082E+002, 3.8738622E+002, 3.9905208E+002, 3.0669531E+000, 9.1939415E+001, 8.6406075E+001, 9.7912944E+001, 9.4726884E+001
 2.1000000E+001, 1.1356702E+003, 1.1345457E+003, 2.7954659E+000, 2.7313258E+002, 3.4171160E+002, 8.5100201E-001, 5.0025428E-002, 5.5598982E-002, 2.7816463E-002, 1.4307278E-001, 1.4172074E-001, 2.7816463E-002, 5.5394914E-001, 0.0000000E+000, 6.0000000E+000, 2.6258914E+001, 2.4695470E+001, 2.5423729E+001, 1.2072671E+000, 3.9247104E+001, 8.2244972E-001, 1.6000000E+001, 2.9589791E+002, 3.3186088E+002, 3.2664732E+002, 3.3903291E+002, 3.4783716E+002, 4.0651885E-001, 6.7958478E+001, 5.8304515E+001, 7.2044513E+001, 6.3653544E+001
 2.3000000E+001, 1.1432733E+003, 1.1389544E+003, 2.9414329E+000, 2.8562825E+002, 3.6126394E+002, 9.4577479E-001, 5.6515025E-002, 5.5424609E-002, 2.6572247E-002, 1.1965844E-001, 1.4023076E-001, 2.6572247E-002, 5.7502668E-001, 0.0000000E+000, 7.0000000E+000, 2.7052228E+001, 2.4809144E+001, 2.7966102E+001, 1.2168092E+000, 4.1557389E+001, 7.3880489E-001,NaN,NaN,NaN,NaN,NaN,NaN,NaN,NaN,NaN,NaN,NaN
 2.5000000E+001, 1.1499163E+003, 1.1423963E+003, 3.0710744E+000, 3.0058257E+002, 3.8343920E+002, 1.0188049E+000, 6.2729011E-002, 5.5288465E-002, 2.4888530E-002, 9.9378440E-002, 1.3836968E-001, 2.4888530E-002, 5.9445734E-001, 0.0000000E+000, 8.0000000E+000, 2.8841855E+001, 2.4657450E+001, 3.0508475E+001, 1.2147010E+000, 4.3867750E+001, 6.6637510E-001,NaN,NaN,NaN,NaN,NaN,NaN,NaN,NaN,NaN,NaN,NaN
 2.7000000E+001, 1.1461785E+003, 1.1353294E+003, 3.1747648E+000, 3.1193735E+002, 3.9948913E+002, 1.0850248E+000, 6.9786198E-002, 5.4564632E-002, 2.2799560E-002, 8.2144483E-002, 1.3492355E-001, 2.2799560E-002, 6.1298202E-001, 0.0000000E+000, 9.0000000E+000, 3.0021951E+001, 2.4180116E+001, 3.3050847E+001, 1.1958254E+000, 4.6178175E+001, 5.9649295E-001,NaN,NaN,NaN,NaN,NaN,NaN,NaN,NaN,NaN,NaN,NaN
 2.9000000E+001, 1.1318698E+003, 1.1168079E+003, 3.2508636E+000, 3.2163743E+002, 4.1310131E+002, 1.1426169E+000, 7.7713945E-002, 5.3104719E-002, 2.0593348E-002, 6.7703850E-002, 1.2988264E-001, 2.0593348E-002, 6.3040814E-001, 0.0000000E+000, 1.0000000E+001, 3.0763835E+001, 2.3319192E+001, 3.5593220E+001, 1.1724888E+000, 4.8488654E+001, 5.4199613E-001,NaN,NaN,NaN,NaN,NaN,NaN,NaN,NaN,NaN,NaN,NaN
 3.1000000E+001, 1.1112670E+003, 1.0922101E+003, 3.3041842E+000, 3.3263213E+002, 4.2605871E+002, 1.1955634E+000, 8.5592964E-002, 5.1269879E-002, 1.8640737E-002, 5.5505793E-002, 1.2433659E-001, 1.8640737E-002, 6.4601330E-001, 0.0000000E+000, 1.1000000E+001, 3.0660126E+001, 2.2755140E+001, 3.8135593E+001, 1.1492137E+000, 5.0799181E+001, 4.9394271E-001,NaN,NaN,NaN,NaN,NaN,NaN,NaN,NaN,NaN,NaN,NaN
 3.3000000E+001, 1.0909951E+003, 1.0691299E+003, 3.3546801E+000, 3.4316032E+002, 4.3713253E+002, 1.2249998E+000, 9.2486203E-002, 4.9634228E-002, 1.6843872E-002, 4.5530129E-002, 1.1933347E-001, 1.6843872E-002, 6.5932822E-001, 0.0000000E+000, 1.2000000E+001, 2.9335965E+001, 2.1424719E+001, 4.0677966E+001, 1.1338183E+000, 5.3109749E+001, 4.4676015E-001,NaN,NaN,NaN,NaN,NaN,NaN,NaN,NaN,NaN,NaN,NaN
 3.5000000E+001, 1.0763604E+003, 1.0531681E+003, 3.3960924E+000, 3.4942760E+002, 4.4302656E+002, 1.2402149E+000, 9.7260356E-002, 4.8501499E-002, 1.5575605E-002, 3.8736568E-002, 1.1584459E-001, 1.5575605E-002, 6.6850578E-001, 0.0000000E+000, 1.3000000E+001, 2.5670664E+001, 1.9142886E+001, 4.3220339E+001, 1.1151672E+000, 5.5420353E+001, 4.0944022E-001,NaN,NaN,NaN,NaN,NaN,NaN,NaN,NaN,NaN,NaN,NaN
 3.7000000E+001, 1.0482783E+003, 1.0225050E+003, 3.4141938E+000, 3.5860080E+002, 4.5117522E+002, 1.2654842E+000, 1.0504769E-001, 4.6431348E-002, 1.3548060E-002, 2.9382508E-002, 1.0974412E-001, 1.3548060E-002, 6.8229822E-001, 0.0000000E+000, 1.4000000E+001, 2.4153169E+001, 1.8300502E+001, 4.5762712E+001, 1.0903471E+000, 5.7730989E+001, 3.7614850E-001,NaN,NaN,NaN,NaN,NaN,NaN,NaN,NaN,NaN,NaN,NaN
 3.9000000E+001, 1.0241722E+003, 9.9544726E+002, 3.4303073E+000, 3.6444878E+002, 4.5698125E+002, 1.2850235E+000, 1.1088387E-001, 4.4714495E-002, 1.2043137E-002, 2.3734166E-002, 1.0485157E-001, 1.2043137E-002, 6.9172962E-001, 0.0000000E+000, 1.5000000E+001, 4.4795042E-002,-1.2257784E-001, 4.8305085E+001, 1.0604935E+000, 6.0041652E+001, 3.4312958E-001,NaN,NaN,NaN,NaN,NaN,NaN,NaN,NaN,NaN,NaN,NaN
 4.1000000E+001, 9.9803683E+002, 9.6823703E+002, 3.4483947E+000, 3.7221857E+002, 4.6186707E+002, 1.2969010E+000, 1.1622732E-001, 4.3046883E-002, 1.0658867E-002, 1.9423532E-002, 1.0017157E-001, 1.0658867E-002, 6.9981296E-001, 0.0000000E+000,NaN,NaN,NaN, 5.0847458E+001, 1.0285232E+000,NaN,NaN,NaN,NaN,NaN,NaN,NaN,NaN,NaN,NaN,NaN,NaN,NaN
 4.3000000E+001, 9.6922360E+002, 9.3992829E+002, 3.4601477E+000, 3.7591286E+002, 4.6019992E+002, 1.3040975E+000, 1.2164297E-001, 4.1226947E-002, 9.3247354E-003, 1.5843042E-002, 9.5234645E-002, 9.3247354E-003, 7.0740292E-001, 0.0000000E+000,NaN,NaN,NaN, 5.3389831E+001, 9.9829142E-001,NaN,NaN,NaN,NaN,NaN,NaN,NaN,NaN,NaN,NaN,NaN,NaN,NaN
 4.5000000E+001, 9.4583944E+002, 9.1696575E+002, 3.4485885E+000, 3.7771046E+002, 4.5784915E+002, 1.3213313E+000, 1.2571888E-001, 3.9729122E-002, 8.4512139E-003, 1.3620325E-002, 9.1391049E-002, 8.4512139E-003, 7.1263820E-001, 0.0000000E+000,NaN,NaN,NaN, 5.5932203E+001, 9.6985817E-001,NaN,NaN,NaN,NaN,NaN,NaN,NaN,NaN,NaN,NaN,NaN,NaN,NaN
 4.7000000E+001, 9.1557157E+002, 8.8752095E+002, 3.4319639E+000, 3.7822624E+002, 4.5325611E+002, 1.3357507E+000, 1.3093681E-001, 3.7777417E-002, 7.3582004E-003, 1.0947829E-002, 8.6426658E-002, 7.3582004E-003, 7.1919489E-001, 0.0000000E+000,NaN,NaN,NaN, 5.8474576E+001, 9.4131599E-001,NaN,NaN,NaN,NaN,NaN,NaN,NaN,NaN,NaN,NaN,NaN,NaN,NaN
 4.9000000E+001, 8.7977078E+002, 8.5318861E+002, 3.4233091E+000, 3.7879695E+002, 4.4667549E+002, 1.3347012E+000, 1.3673582E-001, 3.5564668E-002, 6.1471950E-003, 8.3382196E-003, 8.0824586E-002, 6.1471950E-003, 7.2624232E-001, 0.0000000E+000,NaN,NaN,NaN, 6.1016949E+001, 9.0353012E-001,NaN,NaN,NaN,NaN,NaN,NaN,NaN,NaN,NaN,NaN,NaN,NaN,NaN
 5.1000000E+001, 8.5097179E+002, 8.2586939E+002, 3.4062310E+000, 3.7658259E+002, 4.3909821E+002, 1.3416252E+000, 1.4115654E-001, 3.3827086E-002, 5.2664104E-003, 6.5814735E-003, 7.6493876E-002, 5.2664104E-003, 7.3140821E-001, 0.0000000E+000,NaN,NaN,NaN, 6.3559322E+001, 8.6822232E-001,NaN,NaN,NaN,NaN,NaN,NaN,NaN,NaN,NaN,NaN,NaN,NaN,NaN
 5.3000000E+001, 8.3128321E+002, 8.0713127E+002, 3.3782457E+000, 3.7352580E+002, 4.3291871E+002, 1.3513857E+000, 1.4415681E-001, 3.2628586E-002, 4.6893773E-003, 5.4544755E-003, 7.3536632E-002, 4.6893773E-003, 7.3484474E-001, 0.0000000E+000,NaN,NaN,NaN, 6.6101695E+001, 8.3143702E-001,NaN,NaN,NaN,NaN,NaN,NaN,NaN,NaN,NaN,NaN,NaN,NaN,NaN
 5.5000000E+001, 8.0165124E+002, 7.7928637E+002, 3.3683560E+000, 3.6815350E+002, 4.2307385E+002, 1.3467547E+000, 1.4856506E-001, 3.0880394E-002, 3.8091328E-003, 3.8466370E-003, 6.9184725E-002, 3.8091328E-003, 7.3990492E-001, 0.0000000E+000,NaN,NaN,NaN, 6.8644068E+001, 7.9497562E-001,NaN,NaN,NaN,NaN,NaN,NaN,NaN,NaN,NaN,NaN,NaN,NaN,NaN
 5.7000000E+001, 7.8294844E+002, 7.6122271E+002, 3.3525395E+000, 3.6226866E+002, 4.1504552E+002, 1.3472875E+000, 1.5127848E-001, 2.9751198E-002, 3.3131015E-003, 3.0935566E-003, 6.6444475E-002, 3.3131015E-003, 7.4280609E-001, 0.0000000E+000,NaN,NaN,NaN, 7.1186441E+001, 7.6017343E-001,NaN,NaN,NaN,NaN,NaN,NaN,NaN,NaN,NaN,NaN,NaN,NaN,NaN
 5.9000000E+001, 7.5044120E+002, 7.2996702E+002, 3.3270864E+000, 3.4913592E+002, 3.9833270E+002, 1.3479699E+000, 1.5569568E-001, 2.7799668E-002, 2.6363381E-003, 2.2105356E-003, 6.1885803E-002, 2.6363381E-003, 7.4713564E-001, 0.0000000E+000,NaN,NaN,NaN, 7.3728814E+001, 7.2858254E-001,NaN,NaN,NaN,NaN,NaN,NaN,NaN,NaN,NaN,NaN,NaN,NaN,NaN
 6.1000000E+001, 7.2677214E+002, 7.0776276E+002, 3.3059160E+000, 3.3844732E+002, 3.8442701E+002, 1.3295970E+000, 1.5870272E-001, 2.6404706E-002, 2.2593437E-003, 1.7759768E-003, 5.8732223E-002, 2.2593437E-003, 7.4986569E-001, 0.0000000E+000,NaN,NaN,NaN, 7.6271186E+001, 6.9848576E-001,NaN,NaN,NaN,NaN,NaN,NaN,NaN,NaN,NaN,NaN,NaN,NaN,NaN
 6.3000000E+001, 7.0386729E+002, 6.8678021E+002, 3.2870244E+000, 3.2572937E+002, 3.6786802E+002, 1.3078213E+000, 1.6160367E-001, 2.5039988E-002, 1.9063209E-003, 1.4690299E-003, 5.5662206E-002, 1.9063209E-003, 7.5241247E-001, 0.0000000E+000,NaN,NaN,NaN, 7.8813559E+001, 6.6955050E-001,NaN,NaN,NaN,NaN,NaN,NaN,NaN,NaN,NaN,NaN,NaN,NaN,NaN
 6.5000000E+001, 6.8098302E+002, 6.6504823E+002, 3.2497416E+000, 3.1268042E+002, 3.5183618E+002, 1.2885533E+000, 1.6458952E-001, 2.3633166E-002, 1.5498458E-003, 1.1381864E-003, 5.2504898E-002, 1.5498458E-003, 7.5503454E-001, 0.0000000E+000,NaN,NaN,NaN, 8.1355932E+001, 6.4066947E-001,NaN,NaN,NaN,NaN,NaN,NaN,NaN,NaN,NaN,NaN,NaN,NaN,NaN
 6.7000000E+001, 6.6305691E+002, 6.4770012E+002, 3.2036333E+000, 3.0010008E+002, 3.3743933E+002, 1.2708184E+000, 1.6692197E-001, 2.2524250E-002, 1.2825214E-003, 9.1154929E-004, 5.0029575E-002, 1.2825214E-003, 7.5704761E-001, 0.0000000E+000,NaN,NaN,NaN, 8.3898305E+001, 6.1123257E-001,NaN,NaN,NaN,NaN,NaN,NaN,NaN,NaN,NaN,NaN,NaN,NaN,NaN
 6.9000000E+001, 6.3886914E+002, 6.2468357E+002, 3.1773438E+000, 2.8434803E+002, 3.1888993E+002, 1.2502666E+000, 1.6993378E-001, 2.1081023E-002, 9.5405144E-004, 6.3528517E-004, 4.6827193E-002, 9.5405144E-004, 7.5961461E-001, 0.0000000E+000,NaN,NaN,NaN, 8.6440678E+001, 5.8092708E-001,NaN,NaN,NaN,NaN,NaN,NaN,NaN,NaN,NaN,NaN,NaN,NaN,NaN
 7.1000000E+001, 6.2546783E+002, 6.1208801E+002, 3.1568133E+000, 2.7775782E+002, 3.1052765E+002, 1.2343729E+000, 1.7156316E-001, 2.0302812E-002, 7.7888500E-004, 4.5116976E-004, 4.5102483E-002, 7.7888500E-004, 7.6102261E-001, 0.0000000E+000,NaN,NaN,NaN, 8.8983051E+001, 5.5148206E-001,NaN,NaN,NaN,NaN,NaN,NaN,NaN,NaN,NaN,NaN,NaN,NaN,NaN
 7.3000000E+001, 6.0903936E+002, 5.9675296E+002, 3.1316886E+000, 2.6537481E+002, 2.9582292E+002, 1.2210574E+000, 1.7352047E-001, 1.9310176E-002, 6.5369272E-004, 3.1430105E-004, 4.2999472E-002, 6.5369272E-004, 7.6254820E-001, 0.0000000E+000,NaN,NaN,NaN, 9.1525424E+001, 5.1737590E-001,NaN,NaN,NaN,NaN,NaN,NaN,NaN,NaN,NaN,NaN,NaN,NaN,NaN
 7.5000000E+001, 5.9282589E+002, 5.8127344E+002, 3.1096902E+000, 2.5225752E+002, 2.8087965E+002, 1.1994305E+000, 1.7547552E-001, 1.8315850E-002, 5.2351594E-004, 2.2723736E-004, 4.0887963E-002, 5.2351594E-004, 7.6404640E-001, 0.0000000E+000,NaN,NaN,NaN, 9.4067797E+001, 4.9058472E-001,NaN,NaN,NaN,NaN,NaN,NaN,NaN,NaN,NaN,NaN,NaN,NaN,NaN
 7.7000000E+001, 5.7807960E+002, 5.6746513E+002, 3.0901482E+000, 2.3913883E+002, 2.6597728E+002, 1.1901332E+000, 1.7716653E-001, 1.7451585E-002, 4.0832763E-004, 2.0122497E-004, 3.9050436E-002, 4.0832763E-004, 7.6531357E-001, 0.0000000E+000,NaN,NaN,NaN, 9.6610169E+001, 4.6561490E-001,NaN,NaN,NaN,NaN,NaN,NaN,NaN,NaN,NaN,NaN,NaN,NaN,NaN
 7.9000000E+001, 5.6594606E+002, 5.5624191E+002, 3.0713673E+000, 2.2960807E+002, 2.5481465E+002, 1.1725711E+000, 1.7848466E-001, 1.6754874E-002, 3.5518696E-004, 2.0133187E-004, 3.7608401E-002, 3.5518696E-004, 7.6624035E-001, 0.0000000E+000,NaN,NaN,NaN, 9.9152542E+001, 4.4213558E-001,NaN,NaN,NaN,NaN,NaN,NaN,NaN,NaN,NaN,NaN,NaN,NaN,NaN
 8.1000000E+001, 5.5461429E+002, 5.4571048E+002, 3.0491092E+000, 2.2171164E+002, 2.4542380E+002, 1.1670025E+000, 1.7973194E-001, 1.6095207E-002, 3.0883796E-004, 1.8573218E-004, 3.6247026E-002, 3.0883796E-004, 7.6712242E-001, 0.0000000E+000,NaN,NaN,NaN, 1.0169492E+002, 4.1973208E-001,NaN,NaN,NaN,NaN,NaN,NaN,NaN,NaN,NaN,NaN,NaN,NaN,NaN
 8.3000000E+001, 5.4567218E+002, 5.3709282E+002, 3.0282926E+000, 2.1494798E+002, 2.3784256E+002, 1.1579998E+000, 1.8076094E-001, 1.5552265E-002, 2.7187765E-004, 1.5549281E-004, 3.5127784E-002, 2.7187765E-004, 7.6785976E-001, 0.0000000E+000,NaN,NaN,NaN, 1.0423729E+002, 4.0126442E-001,NaN,NaN,NaN,NaN,NaN,NaN,NaN,NaN,NaN,NaN,NaN,NaN,NaN
 8.5000000E+001, 5.3192833E+002, 5.2386948E+002, 3.0114827E+000, 2.0199584E+002, 2.2401874E+002, 1.1443635E+000, 1.8233987E-001, 1.4719663E-002, 2.1193832E-004, 1.2049353E-004, 3.3408154E-002, 2.1193832E-004, 7.6898794E-001, 0.0000000E+000,NaN,NaN,NaN, 1.0677966E+002, 3.8002135E-001,NaN,NaN,NaN,NaN,NaN,NaN,NaN,NaN,NaN,NaN,NaN,NaN,NaN
 8.7000000E+001, 5.2204696E+002, 5.1442793E+002, 2.9946716E+000, 1.9139398E+002, 2.1265497E+002, 1.1325048E+000, 1.8348960E-001, 1.4116515E-002, 1.6475292E-004, 8.5239965E-005, 3.2158738E-002, 1.6475292E-004, 7.6982041E-001, 0.0000000E+000,NaN,NaN,NaN, 1.0932203E+002, 3.5889276E-001,NaN,NaN,NaN,NaN,NaN,NaN,NaN,NaN,NaN,NaN,NaN,NaN,NaN
 8.9000000E+001, 5.1464806E+002, 5.0751985E+002, 2.9768121E+000, 1.8388437E+002, 2.0431530E+002, 1.1160602E+000, 1.8435015E-001, 1.3671785E-002, 1.2043428E-004, 4.4613160E-005, 3.1228107E-002, 1.2043428E-004, 7.7046448E-001, 0.0000000E+000,NaN,NaN,NaN, 1.1186441E+002, 3.3798465E-001,NaN,NaN,NaN,NaN,NaN,NaN,NaN,NaN,NaN,NaN,NaN,NaN,NaN
 9.1000000E+001, 5.0204772E+002, 4.9564182E+002, 2.9550201E+000, 1.6806870E+002, 1.8746462E+002, 1.1023839E+000, 1.8580574E-001, 1.2907126E-002, 5.8270159E-005, 2.0975347E-005, 2.9641722E-002, 5.8270159E-005, 7.7150790E-001, 0.0000000E+000,NaN,NaN,NaN, 1.1440678E+002, 3.1752172E-001,NaN,NaN,NaN,NaN,NaN,NaN,NaN,NaN,NaN,NaN,NaN,NaN,NaN
 9.3000000E+001, 4.9428112E+002, 4.8838486E+002, 2.9284854E+000, 1.5822526E+002, 1.7697844E+002, 1.0773767E+000, 1.8668096E-001, 1.2434252E-002, 4.2666288E-005, 1.3834952E-005, 2.8683273E-002, 4.2666288E-005, 7.7210235E-001, 0.0000000E+000,NaN,NaN,NaN, 1.1694915E+002, 2.9769704E-001,NaN,NaN,NaN,NaN,NaN,NaN,NaN,NaN,NaN,NaN,NaN,NaN,NaN
 9.5000000E+001, 4.8284902E+002, 4.7767659E+002, 2.8979014E+000, 1.4468450E+002, 1.6237176E+002, 1.0545208E+000, 1.8796222E-001, 1.1738577E-002, 2.5695644E-005, 4.2707454E-006, 2.7279164E-002, 2.5695644E-005, 7.7296437E-001, 0.0000000E+000,NaN,NaN,NaN, 1.1949153E+002, 2.7871294E-001,NaN,NaN,NaN,NaN,NaN,NaN,NaN,NaN,NaN,NaN,NaN,NaN,NaN
 9.7000000E+001, 4.7677594E+002, 4.7192420E+002, 2.8670206E+000, 1.3819191E+002, 1.5529694E+002, 1.0376173E+000, 1.8863676E-001, 1.1371642E-002, 1.7360057E-005, 2.2910216E-006, 2.6539163E-002, 1.7360057E-005, 7.7341543E-001, 0.0000000E+000,NaN,NaN,NaN, 1.2203390E+002, 2.5735690E-001,NaN,NaN,NaN,NaN,NaN,NaN,NaN,NaN,NaN,NaN,NaN,NaN,NaN
 9.9000000E+001, 4.6918141E+002, 4.6474565E+002, 2.8429405E+000, 1.3083854E+002, 1.4714259E+002, 1.0253774E+000, 1.8946044E-001, 1.0921449E-002, 1.0658410E-005, 1.3158021E-006, 2.5634739E-002, 1.0658410E-005, 7.7396074E-001, 0.0000000E+000,NaN,NaN,NaN, 1.2457627E+002, 2.4107775E-001,NaN,NaN,NaN,NaN,NaN,NaN,NaN,NaN,NaN,NaN,NaN,NaN,NaN
NaN,NaN,NaN,NaN,NaN,NaN,NaN,NaN,NaN,NaN,NaN,NaN,NaN,NaN,NaN,NaN,NaN,NaN, 1.2711864E+002, 2.2637201E-001,NaN,NaN,NaN,NaN,NaN,NaN,NaN,NaN,NaN,NaN,NaN,NaN,NaN
NaN,NaN,NaN,NaN,NaN,NaN,NaN,NaN,NaN,NaN,NaN,NaN,NaN,NaN,NaN,NaN,NaN,NaN, 1.2966102E+002, 2.1320090E-001,NaN,NaN,NaN,NaN,NaN,NaN,NaN,NaN,NaN,NaN,NaN,NaN,NaN
NaN,NaN,NaN,NaN,NaN,NaN,NaN,NaN,NaN,NaN,NaN,NaN,NaN,NaN,NaN,NaN,NaN,NaN, 1.3220339E+002, 2.0155102E-001,NaN,NaN,NaN,NaN,NaN,NaN,NaN,NaN,NaN,NaN,NaN,NaN,NaN
NaN,NaN,NaN,NaN,NaN,NaN,NaN,NaN,NaN,NaN,NaN,NaN,NaN,NaN,NaN,NaN,NaN,NaN, 1.3474576E+002, 1.9296493E-001,NaN,NaN,NaN,NaN,NaN,NaN,NaN,NaN,NaN,NaN,NaN,NaN,NaN
NaN,NaN,NaN,NaN,NaN,NaN,NaN,NaN,NaN,NaN,NaN,NaN,NaN,NaN,NaN,NaN,NaN,NaN, 1.3728814E+002, 1.8382908E-001,NaN,NaN,NaN,NaN,NaN,NaN,NaN,NaN,NaN,NaN,NaN,NaN,NaN
NaN,NaN,NaN,NaN,NaN,NaN,NaN,NaN,NaN,NaN,NaN,NaN,NaN,NaN,NaN,NaN,NaN,NaN, 1.3983051E+002, 1.7567540E-001,NaN,NaN,NaN,NaN,NaN,NaN,NaN,NaN,NaN,NaN,NaN,NaN,NaN
NaN,NaN,NaN,NaN,NaN,NaN,NaN,NaN,NaN,NaN,NaN,NaN,NaN,NaN,NaN,NaN,NaN,NaN, 1.4237288E+002, 1.6835200E-001,NaN,NaN,NaN,NaN,NaN,NaN,NaN,NaN,NaN,NaN,NaN,NaN,NaN
NaN,NaN,NaN,NaN,NaN,NaN,NaN,NaN,NaN,NaN,NaN,NaN,NaN,NaN,NaN,NaN,NaN,NaN, 1.4491525E+002, 1.6170466E-001,NaN,NaN,NaN,NaN,NaN,NaN,NaN,NaN,NaN,NaN,NaN,NaN,NaN
NaN,NaN,NaN,NaN,NaN,NaN,NaN,NaN,NaN,NaN,NaN,NaN,NaN,NaN,NaN,NaN,NaN,NaN, 1.4745763E+002, 1.5557746E-001,NaN,NaN,NaN,NaN,NaN,NaN,NaN,NaN,NaN,NaN,NaN,NaN,NaN
NaN,NaN,NaN,NaN,NaN,NaN,NaN,NaN,NaN,NaN,NaN,NaN,NaN,NaN,NaN,NaN,NaN,NaN, 1.5000000E+002, 1.4985115E-001,NaN,NaN,NaN,NaN,NaN,NaN,NaN,NaN,NaN,NaN,NaN,NaN,NaN
