cm,K,K,m/s,K,K,m/s,mol/mol,mol/mol,mol/mol,mol/mol,mol/mol,mol/mol,mol/mol,kg/kg
z,TC_CL,TG_CL,w_CL,TC_CL_RMS,TG_CL_RMS,w_CL_RMS,X_O2,X_CO2,X_CO,X_FUEL,X_H2O,X_H2,X_N2,Y_Soot
 2.5000000E-001, 7.6242794E+002, 7.4894183E+002, 1.4529666E-002, 2.2540824E+002, 2.8590301E+002, 1.0176756E-001, 5.7526993E-003, 5.3265589E-002, 3.8805841E-002, 2.0985658E-001, 1.2665450E-001, 3.0435954E-002, 5.2761985E-001, 2.7716429E-003
 7.5000000E-001, 9.4485464E+002, 9.4983922E+002, 5.6846556E-002, 2.0702438E+002, 2.8432395E+002, 1.6807757E-001, 1.4582793E-002, 5.9053137E-002, 3.7121214E-002, 1.3086566E-001, 1.3239863E-001, 2.9114677E-002, 5.8958522E-001, 2.7428710E-003
 1.2500000E+000, 1.0252528E+003, 1.0398937E+003, 1.1547477E-001, 2.1246820E+002, 2.9880802E+002, 2.1241071E-001, 1.8563249E-002, 6.1467928E-002, 3.5851593E-002, 1.0091655E-001, 1.3401568E-001, 2.8118897E-002, 6.1403639E-001, 2.6894534E-003
 1.7500000E+000, 1.0749806E+003, 1.0957815E+003, 1.8251071E-001, 2.0978128E+002, 3.0069604E+002, 2.3658374E-001, 2.0586593E-002, 6.3290641E-002, 3.4678214E-002, 8.4677707E-002, 1.3491897E-001, 2.7198599E-002, 6.2784962E-001, 2.6233072E-003
 2.2500000E+000, 1.1089854E+003, 1.1337367E+003, 1.8251071E-001, 2.0448944E+002, 2.9862489E+002, 2.3658374E-001, 2.2379108E-002, 6.4463105E-002, 3.3700666E-002, 7.3625022E-002, 1.3520091E-001, 2.6431895E-002, 6.3759133E-001, 2.5647256E-003
 2.7500000E+000, 1.1342703E+003, 1.1618335E+003, 3.2794831E-001, 1.9881787E+002, 2.9573802E+002, 2.6788739E-001, 2.4251300E-002, 6.5266902E-002, 3.2733616E-002, 6.5291428E-002, 1.3499535E-001, 2.5673425E-002, 6.4536962E-001, 2.5021466E-003
 3.2500000E+000, 1.1540773E+003, 1.1837878E+003, 4.0684672E-001, 1.9471074E+002, 2.9444547E+002, 2.8625918E-001, 2.6109737E-002, 6.5911688E-002, 3.1720105E-002, 5.8758627E-002, 1.3450793E-001, 2.4878513E-002, 6.5189377E-001, 2.4325257E-003
 3.7500000E+000, 1.1691228E+003, 1.2001077E+003, 4.9035277E-001, 1.9148136E+002, 2.9400690E+002, 3.0633334E-001, 2.8134783E-002, 6.6321459E-002, 3.0721759E-002, 5.3339612E-002, 1.3372376E-001, 2.4095498E-002, 6.5763925E-001, 2.3620653E-003
 4.2500000E+000, 1.1816484E+003, 1.2136126E+003, 5.7530977E-001, 1.9040923E+002, 2.9550345E+002, 3.3042369E-001, 3.0133347E-002, 6.6558036E-002, 2.9837105E-002, 4.8654346E-002, 1.3286005E-001, 2.3401651E-002, 6.6270505E-001, 2.2995768E-003
 4.7500000E+000, 1.1919908E+003, 1.2245599E+003, 6.6125097E-001, 1.9154050E+002, 2.9970707E+002, 3.5883310E-001, 3.2300519E-002, 6.6698972E-002, 2.8883546E-002, 4.4526762E-002, 1.3177351E-001, 2.2653762E-002, 6.6749949E-001, 2.2302864E-003
 5.2500000E+000, 1.1989407E+003, 1.2315325E+003, 7.4791089E-001, 1.9145054E+002, 3.0226263E+002, 3.8908670E-001, 3.4798969E-002, 6.6620467E-002, 2.7906184E-002, 4.0895938E-002, 1.3036071E-001, 2.1887203E-002, 6.7205872E-001, 2.1580893E-003
 5.7500000E+000, 1.2034507E+003, 1.2353363E+003, 8.3410743E-001, 1.9147567E+002, 3.0566412E+002, 4.2192929E-001, 3.7506867E-002, 6.6478333E-002, 2.6815610E-002, 3.7697274E-002, 1.2870821E-001, 2.1031851E-002, 6.7650389E-001, 2.0758405E-003
 6.2500000E+000, 1.2054199E+003, 1.2360902E+003, 9.1871015E-001, 1.9188982E+002, 3.0936764E+002, 4.5694681E-001, 4.0342399E-002, 6.6244906E-002, 2.5697379E-002, 3.4892562E-002, 1.2689517E-001, 2.0154807E-002, 6.8073408E-001, 1.9909473E-003
 6.7500000E+000, 1.2047861E+003, 1.2335778E+003, 1.0005544E+000, 1.9409297E+002, 3.1468255E+002, 4.9389859E-001, 4.3322988E-002, 6.5808050E-002, 2.4680999E-002, 3.2355271E-002, 1.2494824E-001, 1.9357647E-002, 6.8468739E-001, 1.9138747E-003
 7.2500000E+000, 1.2022930E+003, 1.2285916E+003, 1.0792963E+000, 1.9761261E+002, 3.2164271E+002, 5.3259532E-001, 4.6398548E-002, 6.5226347E-002, 2.3735891E-002, 3.0057904E-002, 1.2290409E-001, 1.8616385E-002, 6.8840674E-001, 1.8419719E-003
 7.7500000E+000, 1.1990047E+003, 1.2225097E+003, 1.1560536E+000, 2.0239780E+002, 3.3039621E+002, 5.7125738E-001, 4.9496941E-002, 6.4627156E-002, 2.2765356E-002, 2.8000868E-002, 1.2080126E-001, 1.7855181E-002, 6.9198945E-001, 1.7675186E-003
 8.2500000E+000, 1.1950580E+003, 1.2156083E+003, 1.2303841E+000, 2.0813001E+002, 3.4008749E+002, 6.0899806E-001, 5.2527138E-002, 6.3959180E-002, 2.1887752E-002, 2.6137837E-002, 1.1873192E-001, 1.7166864E-002, 6.9529759E-001, 1.7003820E-003
 8.7500000E+000, 1.1901911E+003, 1.2078976E+003, 1.3018935E+000, 2.1344068E+002, 3.4866833E+002, 6.4703988E-001, 5.5573587E-002, 6.3235039E-002, 2.1042461E-002, 2.4429639E-002, 1.1663097E-001, 1.6503891E-002, 6.9845844E-001, 1.6355553E-003
 9.2500000E+000, 1.1839262E+003, 1.1985806E+003, 1.3018935E+000, 2.1759046E+002, 3.5588585E+002, 6.4703988E-001, 5.8734226E-002, 6.2425182E-002, 2.0200445E-002, 2.2890008E-002, 1.1441970E-001, 1.5843486E-002, 7.0152608E-001, 1.5707397E-003
 9.7500000E+000, 1.1768636E+003, 1.1882309E+003, 1.4335772E+000, 2.2156395E+002, 3.6302365E+002, 7.2638616E-001, 6.1871050E-002, 6.1553335E-002, 1.9425627E-002, 2.1474578E-002, 1.1221642E-001, 1.5235786E-002, 7.0441426E-001, 1.5111520E-003
 1.0250000E+001, 1.1692259E+003, 1.1773183E+003, 1.4942828E+000, 2.2616941E+002, 3.7043836E+002, 7.6714994E-001, 6.4961930E-002, 6.0675228E-002, 1.8671701E-002, 2.0169615E-002, 1.1003264E-001, 1.4644471E-002, 7.0718330E-001, 1.4529963E-003
 1.0750000E+001, 1.1613488E+003, 1.1660264E+003, 1.5515647E+000, 2.3132776E+002, 3.7857289E+002, 8.0852493E-001, 6.8006547E-002, 5.9802077E-002, 1.7929453E-002, 1.8951767E-002, 1.0787091E-001, 1.4062316E-002, 7.0986135E-001, 1.3956388E-003
 1.1250000E+001, 1.1540867E+003, 1.1556004E+003, 1.6078130E+000, 2.3629299E+002, 3.8626804E+002, 8.4629566E-001, 7.0923445E-002, 5.8980365E-002, 1.7199284E-002, 1.7805967E-002, 1.0579368E-001, 1.3489634E-002, 7.1243522E-001, 1.3391223E-003
 1.1750000E+001, 1.1469024E+003, 1.1455450E+003, 1.6616343E+000, 2.4063723E+002, 3.9275254E+002, 8.8273507E-001, 7.3788588E-002, 5.8162617E-002, 1.6489075E-002, 1.6717418E-002, 1.0374851E-001, 1.2932608E-002, 7.1492803E-001, 1.2841996E-003
 1.2250000E+001, 1.1390208E+003, 1.1349069E+003, 1.7130852E+000, 2.4484416E+002, 3.9868834E+002, 9.1830104E-001, 7.6712797E-002, 5.7313794E-002, 1.5769907E-002, 1.5684783E-002, 1.0164964E-001, 1.2368555E-002, 7.1740839E-001, 1.2284828E-003
 1.2750000E+001, 1.1301898E+003, 1.1233245E+003, 1.7617252E+000, 2.4858078E+002, 4.0380967E+002, 9.5301936E-001, 7.9714198E-002, 5.6396779E-002, 1.5070758E-002, 1.4715540E-002, 9.9486873E-002, 1.1820202E-002, 7.1984060E-001, 1.1743187E-003
 1.3250000E+001, 1.1206581E+003, 1.1110424E+003, 1.8078600E+000, 2.5192440E+002, 4.0826716E+002, 9.8625021E-001, 8.2745310E-002, 5.5437647E-002, 1.4392572E-002, 1.3804171E-002, 9.7296210E-002, 1.1288292E-002, 7.2221372E-001, 1.1217442E-003
 1.3750000E+001, 1.1106987E+003, 1.0982169E+003, 1.8513568E+000, 2.5490049E+002, 4.1236460E+002, 1.0183150E+000, 8.5782151E-002, 5.4455071E-002, 1.3729461E-002, 1.2950072E-002, 9.5094528E-002, 1.0768205E-002, 7.2452846E-001, 1.0702804E-003
 1.4250000E+001, 1.1002522E+003, 1.0849361E+003, 1.8927237E+000, 2.5729725E+002, 4.1563380E+002, 1.0484861E+000, 8.8786591E-002, 5.3454039E-002, 1.3099805E-002, 1.2148911E-002, 9.2913365E-002, 1.0274357E-002, 7.2675434E-001, 1.0213964E-003
 1.4750000E+001, 1.0897453E+003, 1.0716590E+003, 1.9315440E+000, 2.5977457E+002, 4.1897735E+002, 1.0772878E+000, 9.1840268E-002, 5.2453033E-002, 1.2436164E-002, 1.1377563E-002, 9.0686102E-002, 9.7538543E-003, 7.2901455E-001, 9.6959278E-004
 1.5250000E+001, 1.0782116E+003, 1.0574400E+003, 1.9315440E+000, 2.6156868E+002, 4.2103062E+002, 1.0772878E+000, 9.4803805E-002, 5.1444271E-002, 1.1827118E-002, 1.0677666E-002, 8.8522141E-002, 9.2761706E-003, 7.3112979E-001, 9.2218386E-004
 1.5750000E+001, 1.0666512E+003, 1.0432131E+003, 1.9675658E+000, 2.6319496E+002, 4.2296956E+002, 1.1050686E+000, 9.7771093E-002, 5.0411400E-002, 1.1239240E-002, 1.0002660E-002, 8.6354658E-002, 8.8150901E-003, 7.3320209E-001, 8.7648179E-004
 1.6250000E+001, 1.0550142E+003, 1.0289332E+003, 2.0013021E+000, 2.6476837E+002, 4.2487323E+002, 1.1312165E+000, 1.0068666E-001, 4.9389123E-002, 1.0666181E-002, 9.3676701E-003, 8.4221171E-002, 8.3656324E-003, 7.3521215E-001, 8.3188472E-004
 1.6750000E+001, 1.0432734E+003, 1.0147701E+003, 2.0330184E+000, 2.6611190E+002, 4.2623303E+002, 1.1551767E+000, 1.0353055E-001, 4.8380381E-002, 1.0117060E-002, 8.7715101E-003, 8.2137942E-002, 7.9349487E-003, 7.3714387E-001, 7.8916009E-004
 1.7250000E+001, 1.0311907E+003, 1.0004712E+003, 2.0632244E+000, 2.6716114E+002, 4.2695427E+002, 1.1752585E+000, 1.0632818E-001, 4.7356957E-002, 9.6074756E-003, 8.2143985E-003, 8.0088545E-002, 7.5352750E-003, 7.3898535E-001, 7.4954934E-004
 1.7750000E+001, 1.0189034E+003, 9.8615226E+002, 2.0916936E+000, 2.6817070E+002, 4.2740710E+002, 1.1923325E+000, 1.0906595E-001, 4.6327596E-002, 9.1367714E-003, 7.6910814E-003, 7.8083749E-002, 7.1660952E-003, 7.4073723E-001, 7.1296285E-004
 1.8250000E+001, 1.0064945E+003, 9.7194541E+002, 2.1185661E+000, 2.6910503E+002, 4.2749698E+002, 1.2069081E+000, 1.1173427E-001, 4.5306416E-002, 8.6954810E-003, 7.1993496E-003, 7.6129532E-002, 6.8199851E-003, 7.4240996E-001, 6.7864251E-004
 1.8750000E+001, 9.9420518E+002, 9.5791651E+002, 2.1434404E+000, 2.7012091E+002, 4.2776226E+002, 1.2195127E+000, 1.1433760E-001, 4.4301377E-002, 8.2723289E-003, 6.7372967E-003, 7.4221227E-002, 6.4881011E-003, 7.4402004E-001, 6.4569076E-004
 1.9250000E+001, 9.8215470E+002, 9.4406105E+002, 2.1663431E+000, 2.7128362E+002, 4.2847193E+002, 1.2306335E+000, 1.1687837E-001, 4.3323113E-002, 7.8540304E-003, 6.3051885E-003, 7.2354998E-002, 6.1600239E-003, 7.4558427E-001, 6.1304886E-004
 1.9750000E+001, 9.7023732E+002, 9.3039963E+002, 2.1872365E+000, 2.7230271E+002, 4.2907647E+002, 1.2405444E+000, 1.1936234E-001, 4.2361084E-002, 7.4488949E-003, 5.9015818E-003, 7.0528074E-002, 5.8422705E-003, 7.4709518E-001, 5.8140980E-004
 2.0250000E+001, 9.5830695E+002, 9.1684479E+002, 2.2060007E+000, 2.7299692E+002, 4.2929689E+002, 1.2498718E+000, 1.2179582E-001, 4.1411765E-002, 7.0572985E-003, 5.5238738E-003, 6.8736287E-002, 5.5351361E-003, 7.4855603E-001, 5.5083194E-004
 2.0750000E+001, 9.4618670E+002, 9.0330271E+002, 2.2225625E+000, 2.7327595E+002, 4.2884853E+002, 1.2590117E+000, 1.2419475E-001, 4.0470328E-002, 6.6748664E-003, 5.1716576E-003, 6.6967291E-002, 5.2351894E-003, 7.4997712E-001, 5.2096899E-004
 2.1250000E+001, 9.3388246E+002, 8.8979921E+002, 2.2379863E+000, 2.7305064E+002, 4.2757230E+002, 1.2670568E+000, 1.2654414E-001, 3.9536062E-002, 6.3116960E-003, 4.8439568E-003, 6.5233813E-002, 4.9503498E-003, 7.5134240E-001, 4.9264820E-004
 2.1750000E+001, 9.2153634E+002, 8.7646571E+002, 2.2522194E+000, 2.7252167E+002, 4.2573804E+002, 1.2734220E+000, 1.2882399E-001, 3.8613552E-002, 5.9755121E-003, 4.5363474E-003, 6.3552432E-002, 4.6866761E-003, 7.5263982E-001, 4.6645952E-004
 2.2250000E+001, 9.0946954E+002, 8.6360196E+002, 2.2657192E+000, 2.7200341E+002, 4.2379334E+002, 1.2782653E+000, 1.3100858E-001, 3.7724785E-002, 5.6580212E-003, 4.2467996E-003, 6.1941183E-002, 4.4376637E-003, 7.5387355E-001, 4.4170871E-004
 2.2750000E+001, 8.9769579E+002, 8.5117749E+002, 2.2782796E+000, 2.7153897E+002, 4.2186873E+002, 1.2814724E+000, 1.3310106E-001, 3.6872999E-002, 5.3535005E-003, 3.9769182E-003, 6.0396621E-002, 4.1988240E-003, 7.5505037E-001, 4.1794599E-004
 2.3250000E+001, 8.8614677E+002, 8.3907366E+002, 2.2899221E+000, 2.7093937E+002, 4.1981417E+002, 1.2838620E+000, 1.3511324E-001, 3.6048457E-002, 5.0655558E-003, 3.7262321E-003, 5.8910672E-002, 3.9729850E-003, 7.5616961E-001, 3.9548639E-004
 2.3750000E+001, 8.7486464E+002, 8.2728832E+002, 2.3124679E+000, 2.7025178E+002, 4.1770041E+002, 1.2853884E+000, 1.3704594E-001, 3.5248710E-002, 4.7966271E-003, 3.4929102E-003, 5.7483390E-002, 3.7620605E-003, 7.5722985E-001, 3.7452578E-004
 2.4250000E+001, 8.6386506E+002, 8.1583710E+002, 2.3124679E+000, 2.6955131E+002, 4.1558873E+002, 1.2853884E+000, 1.3890346E-001, 3.4474067E-002, 4.5441674E-003, 3.2735343E-003, 5.6111751E-002, 3.5640528E-003, 7.5823795E-001, 3.5485861E-004
 2.4750000E+001, 8.5318251E+002, 8.0479474E+002, 2.3231470E+000, 2.6882916E+002, 4.1340940E+002, 1.2849938E+000, 1.4068882E-001, 3.3727103E-002, 4.3036574E-003, 3.0668262E-003, 5.4793069E-002, 3.3754176E-003, 7.5920125E-001, 3.3611727E-004
 2.5250000E+001, 8.4274679E+002, 7.9410738E+002, 2.3331785E+000, 2.6802527E+002, 4.1107905E+002, 1.2842367E+000, 1.4241064E-001, 3.3003257E-002, 4.0749571E-003, 2.8720135E-003, 5.3521086E-002, 3.1960448E-003, 7.6012299E-001, 3.1829193E-004
 2.5750000E+001, 8.3256100E+002, 7.8375144E+002, 2.3423299E+000, 2.6705465E+002, 4.0862661E+002, 1.2837857E+000, 1.4407102E-001, 3.2302634E-002, 3.8566748E-003, 2.6889818E-003, 5.2294062E-002, 3.0248429E-003, 7.6100557E-001, 3.0126659E-004
 2.6250000E+001, 8.2262943E+002, 7.7371278E+002, 2.3510495E+000, 2.6587488E+002, 4.0601812E+002, 1.2833797E+000, 1.4567378E-001, 3.1622769E-002, 3.6494655E-003, 2.5157092E-003, 5.1109609E-002, 2.8623259E-003, 7.6185076E-001, 2.8510479E-004
 2.6750000E+001, 8.1282627E+002, 7.6384013E+002, 2.3598149E+000, 2.6453995E+002, 4.0325680E+002, 1.2826026E+000, 1.4724346E-001, 3.0952940E-002, 3.4504780E-003, 2.3497428E-003, 4.9949612E-002, 2.7062572E-003, 7.6267095E-001, 2.6958009E-004
 2.7250000E+001, 8.0303083E+002, 7.5406927E+002, 2.3688858E+000, 2.6303358E+002, 4.0020767E+002, 1.2811067E+000, 1.4879253E-001, 3.0287513E-002, 3.2585121E-003, 2.1894115E-003, 4.8804955E-002, 2.5556957E-003, 7.6347246E-001, 2.5460663E-004
 2.7750000E+001, 7.9311588E+002, 7.4430946E+002, 2.3871782E+000, 2.6129512E+002, 3.9673311E+002, 1.2760635E+000, 1.5033076E-001, 2.9622193E-002, 3.0721720E-003, 2.0360280E-003, 4.7668028E-002, 2.4095467E-003, 7.6425889E-001, 2.4006028E-004
 2.8250000E+001, 7.8316213E+002, 7.3462138E+002, 2.3871782E+000, 2.5930981E+002, 3.9285750E+002, 1.2760635E+000, 1.5184868E-001, 2.8960804E-002, 2.8930161E-003, 1.8896753E-003, 4.6546029E-002, 2.2690322E-003, 7.6502550E-001, 2.2606873E-004
 2.8750000E+001, 7.7321796E+002, 7.2500570E+002, 2.3958172E+000, 2.5702903E+002, 3.8861256E+002, 1.2726764E+000, 1.5334351E-001, 2.8308278E-002, 2.7169060E-003, 1.7534170E-003, 4.5439906E-002, 2.1309067E-003, 7.6577435E-001, 2.1229154E-004
 2.9250000E+001, 7.6325411E+002, 7.1541967E+002, 2.4035680E+000, 2.5450113E+002, 3.8406830E+002, 1.2690955E+000, 1.5481461E-001, 2.7660754E-002, 2.5483030E-003, 1.6287199E-003, 4.4350555E-002, 1.9986690E-003, 7.6649872E-001, 1.9910000E-004
 2.9750000E+001, 7.5337286E+002, 7.0593702E+002, 2.4101669E+000, 2.5188114E+002, 3.7946970E+002, 1.2656800E+000, 1.5625076E-001, 2.7022350E-002, 2.3896370E-003, 1.5147638E-003, 4.3286749E-002, 1.8742251E-003, 7.6719295E-001, 1.8668549E-004
 3.0250000E+001, 7.4367639E+002, 6.9659675E+002, 2.4158172E+000, 2.4927453E+002, 3.7504507E+002, 1.2621569E+000, 1.5764606E-001, 2.6395511E-002, 2.2420260E-003, 1.4099180E-003, 4.2253260E-002, 1.7584518E-003, 7.6785516E-001, 1.7514327E-004
 3.0750000E+001, 7.3426169E+002, 6.8748899E+002, 2.4208538E+000, 2.4678635E+002, 3.7090663E+002, 1.2581796E+000, 1.5899148E-001, 2.5785964E-002, 2.1047409E-003, 1.3135232E-003, 4.1256726E-002, 1.6507771E-003, 7.6848409E-001, 1.6441523E-004
 3.1250000E+001, 7.2504258E+002, 6.7861077E+002, 2.4253461E+000, 2.4439896E+002, 3.6685152E+002, 1.2539609E+000, 1.6028912E-001, 2.5191461E-002, 1.9790924E-003, 1.2247848E-003, 4.0295932E-002, 1.5522293E-003, 7.6907932E-001, 1.5460341E-004
 3.1750000E+001, 7.1597402E+002, 6.7000105E+002, 2.4293455E+000, 2.4207436E+002, 3.6270459E+002, 1.2497176E+000, 1.6153636E-001, 2.4614762E-002, 1.8636899E-003, 1.1431834E-003, 3.9372671E-002, 1.4617176E-003, 7.6964218E-001, 1.4558793E-004
 3.2250000E+001, 7.0704192E+002, 6.6165965E+002, 2.4366143E+000, 2.3976643E+002, 3.5838789E+002, 1.2410716E+000, 1.6273488E-001, 2.4056682E-002, 1.7567060E-003, 1.0680032E-003, 3.8485555E-002, 1.3778086E-003, 7.7017591E-001, 1.3722998E-004
 3.2750000E+001, 6.9830434E+002, 6.5361771E+002, 2.4366143E+000, 2.3742483E+002, 3.5390734E+002, 1.2410716E+000, 1.6388520E-001, 2.3518584E-002, 1.6564338E-003, 9.9830297E-004, 3.7634092E-002, 1.2991637E-003, 7.7068343E-001, 1.2939998E-004
 3.3250000E+001, 6.8978830E+002, 6.4586913E+002, 2.4400280E+000, 2.3501600E+002, 3.4930885E+002, 1.2367978E+000, 1.6499122E-001, 2.2998790E-002, 1.5625041E-003, 9.3275400E-004, 3.6815555E-002, 1.2254934E-003, 7.7116731E-001, 1.2206607E-004
 3.3750000E+001, 6.8150557E+002, 6.3839137E+002, 2.4437263E+000, 2.3256091E+002, 3.4469483E+002, 1.2322237E+000, 1.6605694E-001, 2.2496848E-002, 1.4730687E-003, 8.7066616E-004, 3.6026841E-002, 1.1553480E-003, 7.7163146E-001, 1.1507931E-004
 3.4250000E+001, 6.7341896E+002, 6.3113947E+002, 2.4479498E+000, 2.3004058E+002, 3.4006492E+002, 1.2270694E+000, 1.6708611E-001, 2.2011018E-002, 1.3877878E-003, 8.1168980E-004, 3.5265178E-002, 1.0884611E-003, 7.7207764E-001, 1.0841717E-004
 3.4750000E+001, 6.6555391E+002, 6.2410754E+002, 2.4521942E+000, 2.2752879E+002, 3.3551693E+002, 1.2217280E+000, 1.6809082E-001, 2.1534904E-002, 1.3066502E-003, 7.5338358E-004, 3.4522050E-002, 1.0248237E-003, 7.7251116E-001, 1.0207944E-004
 3.5250000E+001, 6.5780167E+002, 6.1718062E+002, 2.4602468E+000, 2.2484353E+002, 3.3083163E+002, 1.2107432E+000, 1.6905774E-001, 2.1075842E-002, 1.2290145E-003, 7.0119572E-004, 3.3806328E-002, 9.6393293E-004, 7.7292497E-001, 9.6006965E-005
 3.5750000E+001, 6.5028275E+002, 6.1042165E+002, 2.4642220E+000, 2.2204278E+002, 3.2615962E+002, 1.2046887E+000, 1.6999744E-001, 2.0627137E-002, 1.1561074E-003, 6.5271021E-004, 3.3110773E-002, 9.0675089E-004, 7.7332239E-001, 9.0318167E-005
 3.6250000E+001, 6.4300019E+002, 6.0387959E+002, 2.4680692E+000, 2.1919308E+002, 3.2145892E+002, 1.1986458E+000, 1.7089592E-001, 2.0191449E-002, 1.0936158E-003, 6.0757254E-004, 3.2446627E-002, 8.5773785E-004, 7.7369264E-001, 8.5447506E-005
 3.6750000E+001, 6.3599512E+002, 5.9760393E+002, 2.4715752E+000, 2.1641594E+002, 3.1685652E+002, 1.1930840E+000, 1.7175343E-001, 1.9773426E-002, 1.0363670E-003, 5.6478788E-004, 3.1813072E-002, 8.1283684E-004, 7.7404287E-001, 8.0979464E-005
 3.7250000E+001, 6.2916768E+002, 5.9151465E+002, 2.4747279E+000, 2.1369967E+002, 3.1231378E+002, 1.1880326E+000, 1.7258351E-001, 1.9367354E-002, 9.8236544E-004, 5.2459913E-004, 3.1199808E-002, 7.7048270E-004, 7.7437926E-001, 7.6760601E-005
 3.7750000E+001, 6.2246195E+002, 5.8554098E+002, 2.4777538E+000, 2.1103506E+002, 3.0785287E+002, 1.1832171E+000, 1.7339543E-001, 1.8968912E-002, 9.3072970E-004, 4.8687229E-004, 3.0599887E-002, 7.2998408E-004, 7.7470569E-001, 7.2722787E-005
 3.8250000E+001, 6.1586414E+002, 5.7968218E+002, 2.4777538E+000, 2.0837781E+002, 3.0342954E+002, 1.1832171E+000, 1.7418953E-001, 1.8578197E-002, 8.8110074E-004, 4.5194943E-004, 3.0012954E-002, 6.9105940E-004, 7.7502245E-001, 6.8833907E-005
 3.8750000E+001, 6.0938060E+002, 5.7394720E+002, 2.4831466E+000, 2.0570356E+002, 2.9904586E+002, 1.1731352E+000, 1.7496438E-001, 1.8199571E-002, 8.2946021E-004, 4.2033125E-004, 2.9439370E-002, 6.5055702E-004, 7.7533369E-001, 6.4774954E-005
 3.9250000E+001, 6.0298373E+002, 5.6830864E+002, 2.4853982E+000, 2.0294089E+002, 2.9461056E+002, 1.1679263E+000, 1.7572122E-001, 1.7829622E-002, 7.7880350E-004, 3.9225967E-004, 2.8878648E-002, 6.1082627E-004, 7.7563592E-001, 6.0797893E-005
 3.9750000E+001, 5.9678992E+002, 5.6284505E+002, 2.4853982E+000, 2.0016562E+002, 2.9026129E+002, 1.1679263E+000, 1.7644885E-001, 1.7472550E-002, 7.3143615E-004, 3.6689526E-004, 2.8339503E-002, 5.7367541E-004, 7.7592367E-001, 5.7087006E-005
 4.0250000E+001, 5.9087667E+002, 5.5762700E+002, 2.4877341E+000, 1.9740214E+002, 2.8602756E+002, 1.1627306E+000, 1.7713925E-001, 1.7133032E-002, 6.8716567E-004, 3.4377410E-004, 2.7827899E-002, 5.3895346E-004, 7.7619519E-001, 5.3623392E-005
 4.0750000E+001, 5.8526596E+002, 5.5267377E+002, 2.4933457E+000, 1.9470735E+002, 2.8193673E+002, 1.1515274E+000, 1.7779256E-001, 1.6812150E-002, 6.4477023E-004, 3.2239947E-004, 2.7343622E-002, 5.0570214E-004, 7.7645237E-001, 5.0306960E-005
 4.1250000E+001, 5.7991204E+002, 5.4794784E+002, 2.4965187E+000, 1.9199358E+002, 2.7790144E+002, 1.1454438E+000, 1.7841350E-001, 1.6507022E-002, 6.0452806E-004, 3.0295801E-004, 2.6883216E-002, 4.7413966E-004, 7.7669611E-001, 4.7157044E-005
 4.1750000E+001, 5.7476002E+002, 5.4337194E+002, 2.4994587E+000, 1.8922948E+002, 2.7393479E+002, 1.1393863E+000, 1.7901198E-001, 1.6212237E-002, 5.6633845E-004, 2.8549023E-004, 2.6439343E-002, 4.4418702E-004, 7.7692938E-001, 4.4166030E-005
 4.2250000E+001, 5.6977014E+002, 5.3890708E+002, 2.4994587E+000, 1.8641717E+002, 2.7006121E+002, 1.1393863E+000, 1.7959211E-001, 1.5924545E-002, 5.3135132E-004, 2.6950829E-004, 2.6009238E-002, 4.1674614E-004, 7.7715231E-001, 4.1429772E-005
 4.2750000E+001, 5.6492472E+002, 5.3455967E+002, 2.5022316E+000, 1.8362789E+002, 2.6630981E+002, 1.1331448E+000, 1.8015538E-001, 1.5644002E-002, 4.9871418E-004, 2.5403749E-004, 2.5591825E-002, 3.9114838E-004, 7.7736710E-001, 3.8879629E-005
 4.3250000E+001, 5.6013990E+002, 5.3030867E+002, 2.5068361E+000, 1.8078208E+002, 2.6249964E+002, 1.1201294E+000, 1.8070624E-001, 1.5368760E-002, 4.6780118E-004, 2.3869159E-004, 2.5183799E-002, 3.6690289E-004, 7.7757608E-001, 3.6462249E-005
 4.3750000E+001, 5.5533462E+002, 5.2609564E+002, 2.5083520E+000, 1.7783790E+002, 2.5853249E+002, 1.1137377E+000, 1.8125508E-001, 1.5094174E-002, 4.3737839E-004, 2.2349729E-004, 2.4777308E-002, 3.4304188E-004, 7.7778376E-001, 3.4083378E-005
 4.4250000E+001, 5.5049559E+002, 5.2190733E+002, 2.5083520E+000, 1.7478148E+002, 2.5437978E+002, 1.1137377E+000, 1.8180069E-001, 1.4820541E-002, 4.0778143E-004, 2.0906210E-004, 2.4373201E-002, 3.1982857E-004, 7.7798894E-001, 3.1773439E-005
 4.4750000E+001, 5.4564672E+002, 5.1774947E+002, 2.5097323E+000, 1.7165226E+002, 2.5008289E+002, 1.1072370E+000, 1.8234163E-001, 1.4547461E-002, 3.8032899E-004, 1.9542434E-004, 2.3972729E-002, 2.9829725E-004, 7.7818956E-001, 2.9634754E-005
 4.5250000E+001, 5.4088165E+002, 5.1367603E+002, 2.5120405E+000, 1.6858316E+002, 2.4580637E+002, 1.0949877E+000, 1.8286955E-001, 1.4279266E-002, 3.5530412E-004, 1.8284147E-004, 2.3582041E-002, 2.7866990E-004, 7.7838266E-001, 2.7683536E-005
 4.5750000E+001, 5.3627082E+002, 5.0972922E+002, 2.5133234E+000, 1.6559873E+002, 2.4165721E+002, 1.0887085E+000, 1.8337909E-001, 1.4020074E-002, 3.3148246E-004, 1.7105419E-004, 2.3204956E-002, 2.5998625E-004, 7.7856836E-001, 2.5823841E-005
 4.6250000E+001, 5.3180681E+002, 5.0591559E+002, 2.5133234E+000, 1.6265673E+002, 2.3761367E+002, 1.0887085E+000, 1.8387046E-001, 1.3770312E-002, 3.0823780E-004, 1.6014984E-004, 2.2841198E-002, 2.4175514E-004, 7.7874744E-001, 2.4009596E-005
 4.6750000E+001, 5.2749688E+002, 5.0224174E+002, 2.5154935E+000, 1.5972760E+002, 2.3363704E+002, 1.0753091E+000, 1.8434297E-001, 1.3529928E-002, 2.8607495E-004, 1.5002094E-004, 2.2491379E-002, 2.2437251E-004, 7.7891916E-001, 2.2281048E-005
 4.7250000E+001, 5.2332509E+002, 4.9869726E+002, 2.5162099E+000, 1.5679256E+002, 2.2968859E+002, 1.0686815E+000, 1.8479678E-001, 1.3298169E-002, 2.6572501E-004, 1.4063529E-004, 2.2155488E-002, 2.0841177E-004, 7.7908268E-001, 2.0694947E-005
 4.7750000E+001, 5.1924081E+002, 4.9524773E+002, 2.5166609E+000, 1.5386539E+002, 2.2572536E+002, 1.0623233E+000, 1.8523604E-001, 1.3072638E-002, 2.4736526E-004, 1.3149106E-004, 2.1830578E-002, 1.9401197E-004, 7.7923937E-001, 1.9266722E-005
 4.8250000E+001, 5.1518473E+002, 4.9184539E+002, 2.5170556E+000, 1.5090642E+002, 2.2168082E+002, 1.0560255E+000, 1.8566726E-001, 1.2850793E-002, 2.2976682E-004, 1.2302545E-004, 2.1511600E-002, 1.8020927E-004, 7.7939229E-001, 1.7892892E-005
 4.8750000E+001, 5.1115227E+002, 4.8847556E+002, 2.5173564E+000, 1.4793701E+002, 2.1755184E+002, 1.0498640E+000, 1.8609058E-001, 1.2630942E-002, 2.1470380E-004, 1.1530096E-004, 2.1198705E-002, 1.6839514E-004, 7.7953928E-001, 1.6723108E-005
 4.9250000E+001, 5.0723100E+002, 4.8518099E+002, 2.5173564E+000, 1.4512589E+002, 2.1358246E+002, 1.0498640E+000, 1.8650117E-001, 1.2415974E-002, 2.0196670E-004, 1.0806962E-004, 2.0895454E-002, 1.5840526E-004, 7.7967936E-001, 1.5736289E-005
 4.9750000E+001, 5.0349193E+002, 4.8201666E+002, 2.5174504E+000, 1.4252607E+002, 2.0988349E+002, 1.0381409E+000, 1.8689327E-001, 1.2209701E-002, 1.9088559E-004, 1.0126488E-004, 2.0606012E-002, 1.4971419E-004, 7.7981172E-001, 1.4877589E-005
 5.0250000E+001, 4.9994671E+002, 4.7900075E+002, 2.5173636E+000, 1.4010940E+002, 2.0644103E+002, 1.0324335E+000, 1.8726520E-001, 1.2013349E-002, 1.8112323E-004, 9.4922334E-005, 2.0331556E-002, 1.4205744E-004, 7.7993628E-001, 1.4120004E-005
 5.0750000E+001, 4.9657459E+002, 4.7613113E+002, 2.5173636E+000, 1.3785563E+002, 2.0320874E+002, 1.0324335E+000, 1.8761688E-001, 1.1827378E-002, 1.7216046E-004, 8.9447774E-005, 2.0071991E-002, 1.3502781E-004, 7.8005336E-001, 1.3421994E-005
 5.1250000E+001, 4.9333752E+002, 4.7337831E+002, 2.5174690E+000, 1.3576410E+002, 2.0015165E+002, 1.0264232E+000, 1.8795278E-001, 1.1649615E-002, 1.6371279E-004, 8.4564645E-005, 1.9824041E-002, 1.2840219E-004, 7.8016478E-001, 1.2762140E-005
 5.1750000E+001, 4.9022770E+002, 4.7073021E+002, 2.5176214E+000, 1.3382530E+002, 1.9727427E+002, 1.0204467E+000, 1.8827353E-001, 1.1479709E-002, 1.5575215E-004, 8.0425060E-005, 1.9587205E-002, 1.2215855E-004, 7.8027068E-001, 1.2139628E-005
 5.2250000E+001, 4.8719807E+002, 4.6814140E+002, 2.5175739E+000, 1.3201528E+002, 1.9454121E+002, 1.0094351E+000, 1.8858489E-001, 1.1314293E-002, 1.4851910E-004, 7.6784114E-005, 1.9357324E-002, 1.1648557E-004, 7.8037259E-001, 1.1574559E-005
 5.2750000E+001, 4.8420143E+002, 4.6557561E+002, 2.5175739E+000, 1.3028132E+002, 1.9188334E+002, 1.0094351E+000, 1.8889075E-001, 1.1151045E-002, 1.4216228E-004, 7.3780909E-005, 1.9131513E-002, 1.1149983E-004, 7.8047137E-001, 1.1077326E-005
 5.3250000E+001, 4.8123215E+002, 4.6302760E+002, 2.5175564E+000, 1.2859298E+002, 1.8928907E+002, 1.0041213E+000, 1.8919235E-001, 1.0989602E-002, 1.3637982E-004, 7.1163519E-005, 1.8908879E-002, 1.0696456E-004, 7.8056792E-001, 1.0624968E-005
 5.3750000E+001, 4.7835258E+002, 4.6053821E+002, 2.5172062E+000, 1.2696166E+002, 1.8682512E+002, 9.9327350E-001, 1.8948452E-001, 1.0832756E-002, 1.3120924E-004, 6.9113018E-005, 1.8693187E-002, 1.0290921E-004, 7.8066058E-001, 1.0221288E-005
 5.4250000E+001, 4.7560956E+002, 4.5813970E+002, 2.5172062E+000, 1.2542666E+002, 1.8454776E+002, 9.9327350E-001, 1.8976461E-001, 1.0682140E-002, 1.2652003E-004, 6.7244265E-005, 1.8486437E-002, 9.9231396E-005, 7.8074901E-001, 9.8575758E-006
 5.4750000E+001, 4.7294181E+002, 4.5580364E+002, 2.5167778E+000, 1.2387568E+002, 1.8229296E+002, 9.8791678E-001, 1.9003799E-001, 1.0535135E-002, 1.2192264E-004, 6.5556331E-005, 1.8284616E-002, 9.5625601E-005, 7.8083525E-001, 9.5019796E-006
 5.5250000E+001, 4.7033017E+002, 4.5352998E+002, 2.5162887E+000, 1.2224516E+002, 1.7997338E+002, 9.8269606E-001, 1.9030296E-001, 1.0392480E-002, 1.1766898E-004, 6.3874225E-005, 1.8089046E-002, 9.2289392E-005, 7.8091861E-001, 9.1737505E-006
 5.5750000E+001, 4.6777800E+002, 4.5131996E+002, 2.5157067E+000, 1.2056949E+002, 1.7762232E+002, 9.7737376E-001, 1.9056122E-001, 1.0253445E-002, 1.1351926E-004, 6.2131940E-005, 1.7898437E-002, 8.9034714E-005, 7.8099995E-001, 8.8527045E-006
 5.6250000E+001, 4.6532993E+002, 4.4920092E+002, 2.5149957E+000, 1.1895573E+002, 1.7535226E+002, 9.7206321E-001, 1.9080864E-001, 1.0120370E-002, 1.0944455E-004, 6.0193968E-005, 1.7715858E-002, 8.5838865E-005, 7.8107819E-001, 8.5367949E-006
 5.6750000E+001, 4.6300834E+002, 4.4719599E+002, 2.5142840E+000, 1.1745237E+002, 1.7319760E+002, 9.6711747E-001, 1.9104224E-001, 9.9947839E-003, 1.0556788E-004, 5.8133364E-005, 1.7543513E-002, 8.2798335E-005, 7.8115226E-001, 8.2356410E-006
 5.7250000E+001, 4.6075826E+002, 4.4526636E+002, 2.5138503E+000, 1.1598271E+002, 1.7105614E+002, 9.6257358E-001, 1.9126710E-001, 9.8738743E-003, 1.0188151E-004, 5.5953370E-005, 1.7377649E-002, 7.9907064E-005, 7.8122365E-001, 7.9483651E-006
 5.7750000E+001, 4.5853633E+002, 4.4337260E+002, 2.5137400E+000, 1.1451639E+002, 1.6890779E+002, 9.5828211E-001, 1.9148793E-001, 9.7551039E-003, 9.8309613E-005, 5.3734125E-005, 1.7214786E-002, 7.7105579E-005, 7.8129376E-001, 7.6695689E-006
 5.8250000E+001, 4.5630935E+002, 4.4148434E+002, 2.5139554E+000, 1.1304206E+002, 1.6671590E+002, 9.5402558E-001, 1.9170865E-001, 9.6364216E-003, 9.4703453E-005, 5.1471447E-005, 1.7051995E-002, 7.4277218E-005, 7.8136391E-001, 7.3884425E-006
 5.8750000E+001, 4.5411567E+002, 4.3962821E+002, 2.5144188E+000, 1.1158649E+002, 1.6451291E+002, 9.4991293E-001, 1.9192586E-001, 9.5195608E-003, 9.1245794E-005, 4.9131252E-005, 1.6891828E-002, 7.1565329E-005, 7.8143291E-001, 7.1197327E-006
 5.9250000E+001, 4.5196909E+002, 4.3780797E+002, 2.5149021E+000, 1.1016253E+002, 1.6233067E+002, 9.4573749E-001, 1.9213865E-001, 9.4049441E-003, 8.8025150E-005, 4.6740777E-005, 1.6734969E-002, 6.9039333E-005, 7.8150038E-001, 6.8698869E-006
 5.9750000E+001, 4.4987247E+002, 4.3601782E+002, 2.5153992E+000, 1.0878793E+002, 1.6022636E+002, 9.4155876E-001, 1.9234727E-001, 9.2923803E-003, 8.5075621E-005, 4.4373351E-005, 1.6581208E-002, 6.6725977E-005, 7.8156628E-001, 6.6409931E-006
 6.0250000E+001, 4.4784052E+002, 4.3426381E+002, 2.5157652E+000, 1.0745609E+002, 1.5823169E+002, 9.3724395E-001, 1.9255049E-001, 9.1824297E-003, 8.2545026E-005, 4.2020177E-005, 1.6431491E-002, 6.4741197E-005, 7.8163010E-001, 6.4444420E-006
 6.0750000E+001, 4.4586922E+002, 4.3253956E+002, 2.5157074E+000, 1.0616899E+002, 1.5636386E+002, 9.3305354E-001, 1.9274955E-001, 9.0745790E-003, 8.0223465E-005, 3.9772966E-005, 1.6284852E-002, 6.2920365E-005, 7.8169237E-001, 6.2638852E-006
 6.1250000E+001, 4.4395691E+002, 4.3084745E+002, 2.5151637E+000, 1.0491913E+002, 1.5460774E+002, 9.2888034E-001, 1.9294440E-001, 8.9690548E-003, 7.7885431E-005, 3.7723409E-005, 1.6141284E-002, 6.1086613E-005, 7.8175330E-001, 6.0824915E-006
 6.1750000E+001, 4.4212480E+002, 4.2921116E+002, 2.5144171E+000, 1.0372890E+002, 1.5297327E+002, 9.2485372E-001, 1.9313339E-001, 8.8672300E-003, 7.5035816E-005, 3.5701509E-005, 1.6001946E-002, 5.8851620E-005, 7.8181313E-001, 5.8605312E-006
 6.2250000E+001, 4.4036422E+002, 4.2763867E+002, 2.5134637E+000, 1.0258465E+002, 1.5140533E+002, 9.2129553E-001, 1.9331654E-001, 8.7691925E-003, 7.1606077E-005, 3.3448815E-005, 1.5866864E-002, 5.6161629E-005, 7.8187215E-001, 5.5925037E-006
 6.2750000E+001, 4.3863841E+002, 4.2610884E+002, 2.5123913E+000, 1.0143440E+002, 1.4983224E+002, 9.1834057E-001, 1.9349676E-001, 8.6734867E-003, 6.7438854E-005, 3.0801009E-005, 1.5733887E-002, 5.2893219E-005, 7.8193151E-001, 5.2660580E-006
 6.3250000E+001, 4.3691756E+002, 4.2460144E+002, 2.5111655E+000, 1.0021427E+002, 1.4818305E+002, 9.1574644E-001, 1.9367651E-001, 8.5793124E-003, 6.1901356E-005, 2.7938593E-005, 1.5601093E-002, 4.8550083E-005, 7.8199256E-001, 4.8303179E-006
 6.3750000E+001, 4.3520090E+002, 4.2311823E+002, 2.5099244E+000, 9.8859423E+001, 1.4640265E+002, 9.1341798E-001, 1.9385465E-001, 8.4864791E-003, 5.5872112E-005, 2.4996183E-005, 1.5469418E-002, 4.3821264E-005, 7.8205381E-001, 4.3584340E-006
 6.4250000E+001, 4.3349611E+002, 4.2166738E+002, 2.5090717E+000, 9.7420140E+001, 1.4450541E+002, 9.1060933E-001, 1.9402844E-001, 8.3955225E-003, 5.0413608E-005, 2.2161084E-005, 1.5341013E-002, 3.9540085E-005, 7.8211302E-001, 3.9330036E-006
 6.4750000E+001, 4.3181906E+002, 4.2025081E+002, 2.5084822E+000, 9.5995658E+001, 1.4260994E+002, 9.0768271E-001, 1.9419762E-001, 8.3065575E-003, 4.5569272E-005, 1.9417107E-005, 1.5216089E-002, 3.5740606E-005, 7.8217007E-001, 3.5549232E-006
 6.5250000E+001, 4.3016328E+002, 4.1885779E+002, 2.5074994E+000, 9.4586712E+001, 1.4072939E+002, 9.0173992E-001, 1.9436419E-001, 8.2193494E-003, 4.0339934E-005, 1.6977361E-005, 1.5092980E-002, 3.1639164E-005, 7.8222662E-001, 3.1431044E-006
 6.5750000E+001, 4.2850772E+002, 4.1748008E+002, 2.5074994E+000, 9.3095778E+001, 1.3874617E+002, 9.0173992E-001, 1.9452877E-001, 8.1336696E-003, 3.4572757E-005, 1.5050528E-005, 1.4971175E-002, 2.7115888E-005, 7.8228287E-001, 2.6879774E-006
 6.6250000E+001, 4.2683317E+002, 4.1610395E+002, 2.5071720E+000, 9.1506518E+001, 1.3657809E+002, 8.9905291E-001, 1.9469269E-001, 8.0474852E-003, 2.9713378E-005, 1.3547755E-005, 1.4849925E-002, 2.3304610E-005, 7.8233751E-001, 2.3084543E-006
 6.6750000E+001, 4.2517406E+002, 4.1475522E+002, 2.5069393E+000, 8.9946062E+001, 1.3434543E+002, 8.9675007E-001, 1.9485217E-001, 7.9626410E-003, 2.6054521E-005, 1.2278067E-005, 1.4732083E-002, 2.0434918E-005, 7.8238923E-001, 2.0245006E-006
 6.7250000E+001, 4.2357915E+002, 4.1345568E+002, 2.5067718E+000, 8.8567592E+001, 1.3227590E+002, 8.9455833E-001, 1.9500451E-001, 7.8809755E-003, 2.3236089E-005, 1.1164567E-005, 1.4619608E-002, 1.8224383E-005, 7.8243772E-001, 1.8058081E-006
 6.7750000E+001, 4.2207226E+002, 4.1221470E+002, 2.5065674E+000, 8.7378321E+001, 1.3044165E+002, 8.9239859E-001, 1.9514844E-001, 7.8036025E-003, 2.0805336E-005, 1.0176750E-005, 1.4513368E-002, 1.6317911E-005, 7.8248321E-001, 1.6169081E-006
 6.8250000E+001, 4.2064883E+002, 4.1102795E+002, 2.5063263E+000, 8.6328785E+001, 1.2881295E+002, 8.9033296E-001, 1.9528487E-001, 7.7301447E-003, 1.8626580E-005, 9.2867068E-006, 1.4412679E-002, 1.4609083E-005, 7.8252614E-001, 1.4478402E-006
 6.8750000E+001, 4.1928796E+002, 4.0988821E+002, 2.5058359E+000, 8.5341988E+001, 1.2728874E+002, 8.8853693E-001, 1.9541484E-001, 7.6599205E-003, 1.6816019E-005, 8.4580924E-006, 1.4316791E-002, 1.3189034E-005, 7.8256669E-001, 1.3081195E-006
 6.9250000E+001, 4.1796492E+002, 4.0877895E+002, 2.5054735E+000, 8.4361161E+001, 1.2580476E+002, 8.8681826E-001, 1.9554047E-001, 7.5917035E-003, 1.5429768E-005, 7.6864351E-006, 1.4224148E-002, 1.2101779E-005, 7.8260543E-001, 1.2015845E-006
 6.9750000E+001, 4.1665712E+002, 4.0768045E+002, 2.5050379E+000, 8.3362093E+001, 1.2431345E+002, 8.8507409E-001, 1.9566438E-001, 7.5241486E-003, 1.4367390E-005, 6.9475849E-006, 1.4132824E-002, 1.1268541E-005, 7.8264324E-001, 1.1201050E-006
 7.0250000E+001, 4.1536438E+002, 4.0659371E+002, 2.5047331E+000, 8.2355603E+001, 1.2282086E+002, 8.8308799E-001, 1.9578667E-001, 7.4573238E-003, 1.3489808E-005, 6.2150348E-006, 1.4042722E-002, 1.0580241E-005, 7.8268036E-001, 1.0526795E-006
 7.0750000E+001, 4.1409225E+002, 4.0551684E+002, 2.5043119E+000, 8.1347788E+001, 1.2135284E+002, 8.8089248E-001, 1.9590728E-001, 7.3913390E-003, 1.2704874E-005, 5.4852639E-006, 1.3953863E-002, 9.9646068E-006, 7.8271687E-001, 9.9214640E-007
 7.1250000E+001, 4.1285386E+002, 4.0446511E+002, 2.5038384E+000, 8.0360658E+001, 1.1992785E+002, 8.7842606E-001, 1.9602462E-001, 7.3271505E-003, 1.1936033E-005, 4.7726636E-006, 1.3867416E-002, 9.3615944E-006, 7.8275240E-001, 9.3258513E-007
 7.1750000E+001, 4.1164410E+002, 4.0343025E+002, 2.5030689E+000, 7.9401331E+001, 1.1855528E+002, 8.7565921E-001, 1.9613972E-001, 7.2641961E-003, 1.1172010E-005, 4.0878366E-006, 1.3782617E-002, 8.7623604E-006, 7.8278725E-001, 8.7319263E-007
 7.2250000E+001, 4.1045346E+002, 4.0240662E+002, 2.5019311E+000, 7.8470639E+001, 1.1723155E+002, 8.7312195E-001, 1.9625305E-001, 7.2022284E-003, 1.0398617E-005, 3.4332834E-006, 1.3699119E-002, 8.1557777E-006, 7.8282158E-001, 8.1282610E-007
 7.2750000E+001, 4.0928011E+002, 4.0139456E+002, 2.5004572E+000, 7.7553676E+001, 1.1593008E+002, 8.7063808E-001, 1.9636472E-001, 7.1411782E-003, 9.6216358E-006, 2.8189362E-006, 1.3616836E-002, 7.5463810E-006, 7.8285540E-001, 7.5185614E-007
 7.3250000E+001, 4.0813091E+002, 4.0039830E+002, 2.4986372E+000, 7.6657167E+001, 1.1466000E+002, 8.6855667E-001, 1.9647430E-001, 7.0812828E-003, 8.8363707E-006, 2.2437462E-006, 1.3536078E-002, 6.9304868E-006, 7.8288859E-001, 6.8989325E-007
 7.3750000E+001, 4.0700389E+002, 3.9941704E+002, 2.4965649E+000, 7.5784669E+001, 1.1341539E+002, 8.6664510E-001, 1.9658213E-001, 7.0223928E-003, 8.0114414E-006, 1.7099483E-006, 1.3456605E-002, 6.2834835E-006, 7.8292130E-001, 6.2442074E-007
 7.4250000E+001, 4.0590773E+002, 3.9846321E+002, 2.4944222E+000, 7.4939659E+001, 1.1219985E+002, 8.6498335E-001, 1.9668683E-001, 6.9653226E-003, 7.0770749E-006, 1.2413826E-006, 1.3379404E-002, 5.5506470E-006, 7.8295319E-001, 5.5001843E-007
 7.4750000E+001, 4.0484177E+002, 3.9753753E+002, 2.4922787E+000, 7.4120364E+001, 1.1100900E+002, 8.6348118E-001, 1.9678904E-001, 6.9097294E-003, 6.0234823E-006, 8.6647486E-007, 1.3304007E-002, 4.7242999E-006, 7.8298443E-001, 4.6627688E-007
 7.5250000E+001, 4.0380640E+002, 3.9664483E+002, 2.4884234E+000, 7.3294089E+001, 1.0979581E+002, 8.6150321E-001, 1.9688706E-001, 6.8565235E-003, 4.8810681E-006, 6.2320432E-007, 1.3231666E-002, 3.8282887E-006, 7.8301446E-001, 3.7631835E-007
 7.5750000E+001, 4.0279541E+002, 3.9577892E+002, 2.4884234E+000, 7.2466020E+001, 1.0854919E+002, 8.6150321E-001, 1.9698223E-001, 6.8046284E-003, 4.0200003E-006, 4.7711629E-007, 1.3161449E-002, 3.1529414E-006, 7.8304326E-001, 3.0946104E-007
 7.6250000E+001, 4.0180469E+002, 3.9494355E+002, 2.4871528E+000, 7.1638287E+001, 1.0724312E+002, 8.6024754E-001, 1.9707383E-001, 6.7543525E-003, 3.5455174E-006, 3.7890348E-007, 1.3093910E-002, 2.7807979E-006, 7.8307050E-001, 2.7301681E-007
 7.6750000E+001, 4.0084007E+002, 3.9413585E+002, 2.4864761E+000, 7.0834487E+001, 1.0593699E+002, 8.5809730E-001, 1.9716235E-001, 6.7056355E-003, 3.2328251E-006, 2.9645838E-007, 1.3028664E-002, 2.5355491E-006, 7.8309665E-001, 2.4894897E-007
 7.7250000E+001, 3.9989954E+002, 3.9334415E+002, 2.4861388E+000, 7.0060134E+001, 1.0467318E+002, 8.5555733E-001, 1.9724916E-001, 6.6579457E-003, 2.8302250E-006, 2.1166049E-007, 1.2964663E-002, 2.2197843E-006, 7.8312241E-001, 2.1758052E-007
 7.7750000E+001, 3.9898613E+002, 3.9256894E+002, 2.4855605E+000, 6.9315394E+001, 1.0348230E+002, 8.5292019E-001, 1.9733419E-001, 6.6114907E-003, 2.1552722E-006, 1.3992394E-007, 1.2901937E-002, 1.6904096E-006, 7.8314798E-001, 1.6488613E-007
 7.8250000E+001, 3.9809321E+002, 3.9179642E+002, 2.4847907E+000, 6.8576466E+001, 1.0235448E+002, 8.4990760E-001, 1.9741901E-001, 6.5652415E-003, 1.3711983E-006, 8.8611824E-008, 1.2839337E-002, 1.0754496E-006, 7.8317360E-001, 1.0419570E-007
 7.8750000E+001, 3.9720757E+002, 3.9102051E+002, 2.4829829E+000, 6.7809967E+001, 1.0123588E+002, 8.4766416E-001, 1.9750406E-001, 6.5186763E-003, 7.9746265E-007, 5.4486351E-008, 1.2776600E-002, 6.2546090E-007, 7.8319902E-001, 6.0211869E-008
 7.9250000E+001, 3.9633239E+002, 3.9025139E+002, 2.4807332E+000, 6.7022827E+001, 1.0011126E+002, 8.4568897E-001, 1.9758832E-001, 6.4723300E-003, 4.6565866E-007, 3.3216045E-008, 1.2714483E-002, 3.6522248E-007, 7.8322391E-001, 3.5004897E-008
 7.9750000E+001, 3.9546501E+002, 3.8949100E+002, 2.4781384E+000, 6.6216553E+001, 9.8950220E+001, 8.4405311E-001, 1.9767164E-001, 6.4263594E-003, 2.9019638E-007, 2.0930012E-008, 1.2653077E-002, 2.2760501E-007, 7.8324833E-001, 2.1763357E-008
 8.0250000E+001, 3.9459891E+002, 3.8873983E+002, 2.4757725E+000, 6.5390984E+001, 9.7746442E+001, 8.4239154E-001, 1.9775408E-001, 6.3808055E-003, 1.9351779E-007, 1.4047513E-008, 1.2592332E-002, 1.5177866E-007, 7.8327238E-001, 1.4494942E-008
 8.0750000E+001, 3.9373951E+002, 3.8800169E+002, 2.4738613E+000, 6.4546411E+001, 9.6501605E+001, 8.4033305E-001, 1.9783516E-001, 6.3359691E-003, 1.3586046E-007, 9.9552671E-009, 1.2532595E-002, 1.0655723E-007, 7.8329600E-001, 1.0167955E-008
 8.1250000E+001, 3.9289314E+002, 3.8727707E+002, 2.4722296E+000, 6.3707341E+001, 9.5257024E+001, 8.3825654E-001, 1.9791455E-001, 6.2920450E-003, 9.8987893E-008, 7.3908831E-009, 1.2474100E-002, 7.7637563E-008, 7.8331910E-001, 7.4034790E-009
 8.1750000E+001, 3.9207385E+002, 3.8657412E+002, 2.4708855E+000, 6.2903521E+001, 9.4064397E+001, 8.3602635E-001, 1.9799123E-001, 6.2496137E-003, 7.4456435E-008, 5.7236827E-009, 1.2417607E-002, 5.8397204E-008, 7.8334139E-001, 5.5655053E-009
 8.2250000E+001, 3.9128188E+002, 3.8588678E+002, 2.4697713E+000, 6.2125823E+001, 9.2924465E+001, 8.3373442E-001, 1.9806584E-001, 6.2083215E-003, 5.7293129E-008, 4.5660668E-009, 1.2362641E-002, 4.4935788E-008, 7.8336308E-001, 4.2803896E-009
 8.2750000E+001, 3.9051825E+002, 3.8521836E+002, 2.4685044E+000, 6.1395840E+001, 9.1853933E+001, 8.3191626E-001, 1.9813806E-001, 6.1683496E-003, 4.4799005E-008, 3.7188475E-009, 1.2309437E-002, 3.5136475E-008, 7.8338406E-001, 3.3454386E-009
 8.3250000E+001, 3.8978143E+002, 3.8456878E+002, 2.4673227E+000, 6.0702164E+001, 9.0839845E+001, 8.3017107E-001, 1.9820798E-001, 6.1296456E-003, 3.5502668E-008, 3.0679301E-009, 1.2257925E-002, 2.7845230E-008, 7.8340437E-001, 2.6501842E-009
 8.3750000E+001, 3.8906147E+002, 3.8393381E+002, 2.4661091E+000, 6.0036564E+001, 8.9861676E+001, 8.2856142E-001, 1.9827623E-001, 6.0918655E-003, 2.8336252E-008, 2.5444145E-009, 1.2207645E-002, 2.2224512E-008, 7.8342420E-001, 2.1144858E-009
 8.4250000E+001, 3.8836065E+002, 3.8331337E+002, 2.4654397E+000, 5.9398809E+001, 8.8925807E+001, 8.2628827E-001, 1.9834290E-001, 6.0549598E-003, 2.2730642E-008, 2.1116202E-009, 1.2158531E-002, 1.7827955E-008, 7.8344356E-001, 1.6956592E-009
 8.4750000E+001, 3.8766424E+002, 3.8269309E+002, 2.4645932E+000, 5.8777365E+001, 8.8017015E+001, 8.2420379E-001, 1.9840967E-001, 6.0179958E-003, 1.8351551E-008, 1.7571859E-009, 1.2109341E-002, 1.4393373E-008, 7.8346295E-001, 1.3686200E-009
 8.5250000E+001, 3.8698299E+002, 3.8208517E+002, 2.4639748E+000, 5.8169528E+001, 8.7144104E+001, 8.2195677E-001, 1.9847516E-001, 5.9817411E-003, 1.4935961E-008, 1.4719355E-009, 1.2061096E-002, 1.1714480E-008, 7.8348197E-001, 1.1136424E-009
 8.5750000E+001, 3.8631304E+002, 3.8148954E+002, 2.4629825E+000, 5.7577994E+001, 8.6295990E+001, 8.1972039E-001, 1.9853937E-001, 5.9461947E-003, 1.2304139E-008, 1.2440525E-009, 1.2013794E-002, 9.6503051E-009, 7.8350062E-001, 9.1724943E-010
 8.6250000E+001, 3.8565115E+002, 3.8090210E+002, 2.4620141E+000, 5.7003365E+001, 8.5469716E+001, 8.1696181E-001, 1.9860277E-001, 5.9110909E-003, 1.0222451E-008, 1.0564927E-009, 1.1967082E-002, 8.0176085E-009, 7.8351903E-001, 7.6196660E-010
 8.6750000E+001, 3.8499137E+002, 3.8031809E+002, 2.4605115E+000, 5.6448799E+001, 8.4655798E+001, 8.1439289E-001, 1.9866598E-001, 5.8760996E-003, 8.5632034E-009, 9.0200143E-010, 1.1920521E-002, 6.7162380E-009, 7.8353738E-001, 6.3822374E-010
 8.7250000E+001, 3.8432795E+002, 3.7973403E+002, 2.4586921E+000, 5.5896116E+001, 8.3831935E+001, 8.1222879E-001, 1.9872935E-001, 5.8410132E-003, 7.1837880E-009, 7.7335348E-010, 1.1873833E-002, 5.6343435E-009, 7.8355579E-001, 5.3536022E-010
 8.7750000E+001, 3.8365640E+002, 3.7914542E+002, 2.4563632E+000, 5.5339739E+001, 8.2988235E+001, 8.1077301E-001, 1.9879339E-001, 5.8055589E-003, 6.0410431E-009, 6.6811556E-010, 1.1826656E-002, 4.7380730E-009, 7.8357438E-001, 4.5014378E-010
 8.8250000E+001, 3.8297938E+002, 3.7855379E+002, 2.4537582E+000, 5.4769618E+001, 8.2123847E+001, 8.0989491E-001, 1.9885776E-001, 5.7699250E-003, 5.1284445E-009, 5.8377014E-010, 1.1779240E-002, 4.0223094E-009, 7.8359307E-001, 3.8209086E-010
 8.8750000E+001, 3.8229966E+002, 3.7796026E+002, 2.4510353E+000, 5.4189076E+001, 8.1252811E+001, 8.0929750E-001, 1.9892224E-001, 5.7342234E-003, 4.4087671E-009, 5.1561327E-010, 1.1731735E-002, 3.4578566E-009, 7.8361179E-001, 3.2842637E-010
 8.9250000E+001, 3.8163531E+002, 3.7738173E+002, 2.4482243E+000, 5.3597135E+001, 8.0378895E+001, 8.0883595E-001, 1.9898488E-001, 5.6995458E-003, 3.8320788E-009, 4.5871232E-010, 1.1685592E-002, 3.0055520E-009, 7.8362998E-001, 2.8542895E-010
 8.9750000E+001, 3.8099341E+002, 3.7682338E+002, 2.4458334E+000, 5.3021220E+001, 7.9537651E+001, 8.0796574E-001, 1.9904504E-001, 5.6662335E-003, 3.3553134E-009, 4.1053760E-010, 1.1641266E-002, 2.6316184E-009, 7.8364745E-001, 2.4988379E-010
 9.0250000E+001, 3.8037414E+002, 3.7628017E+002, 2.4439110E+000, 5.2453744E+001, 7.8718976E+001, 8.0654706E-001, 1.9910342E-001, 5.6339120E-003, 2.9557624E-009, 3.6855547E-010, 1.1598259E-002, 2.3182450E-009, 7.8366440E-001, 2.2009819E-010
 9.0750000E+001, 3.7977376E+002, 3.7575407E+002, 2.4420397E+000, 5.1910760E+001, 7.7931162E+001, 8.0491493E-001, 1.9915991E-001, 5.6026387E-003, 2.6292868E-009, 3.3240737E-010, 1.1556646E-002, 2.0621858E-009, 7.8368080E-001, 1.9576238E-010
 9.1250000E+001, 3.7918723E+002, 3.7523585E+002, 2.4384937E+000, 5.1386716E+001, 7.7164531E+001, 8.0108225E-001, 1.9921567E-001, 5.5717666E-003, 2.3589358E-009, 3.0126942E-010, 1.1515567E-002, 1.8501457E-009, 7.8369699E-001, 1.7561357E-010
 9.1750000E+001, 3.7861635E+002, 3.7473009E+002, 2.4384937E+000, 5.0879700E+001, 7.6412101E+001, 8.0108225E-001, 1.9927010E-001, 5.5416304E-003, 2.1351216E-009, 2.7414599E-010, 1.1475468E-002, 1.6746052E-009, 7.8371279E-001, 1.5893665E-010
 9.2250000E+001, 3.7806292E+002, 3.7424005E+002, 2.4367198E+000, 5.0389111E+001, 7.5685406E+001, 7.9883215E-001, 1.9932273E-001, 5.5124924E-003, 1.9415954E-009, 2.5053740E-010, 1.1436696E-002, 1.5228199E-009, 7.8372808E-001, 1.4451999E-010
 9.2750000E+001, 3.7751893E+002, 3.7376026E+002, 2.4349983E+000, 4.9911593E+001, 7.4970491E+001, 7.9609886E-001, 1.9937423E-001, 5.4839827E-003, 1.7804924E-009, 2.3055369E-010, 1.1398761E-002, 1.3964646E-009, 7.8374303E-001, 1.3252059E-010
 9.3250000E+001, 3.7696342E+002, 3.7327333E+002, 2.4334214E+000, 4.9423180E+001, 7.4228537E+001, 7.9343008E-001, 1.9942651E-001, 5.4550345E-003, 1.6423597E-009, 2.1327363E-010, 1.1360243E-002, 1.2881252E-009, 7.8375821E-001, 1.2223433E-010
 9.3750000E+001, 3.7640794E+002, 3.7278749E+002, 2.4319428E+000, 4.8934590E+001, 7.3466008E+001, 7.9030720E-001, 1.9947874E-001, 5.4261171E-003, 1.5186022E-009, 1.9741628E-010, 1.1321765E-002, 1.1910606E-009, 7.8377337E-001, 1.1302026E-010
 9.4250000E+001, 3.7585757E+002, 3.7230710E+002, 2.4301663E+000, 4.8442341E+001, 7.2693703E+001, 7.8797765E-001, 1.9953056E-001, 5.3974308E-003, 1.3991702E-009, 1.8222002E-010, 1.1283595E-002, 1.0973884E-009, 7.8378842E-001, 1.0413060E-010
 9.4750000E+001, 3.7530342E+002, 3.7182001E+002, 2.4278819E+000, 4.7945353E+001, 7.1920160E+001, 7.8571496E-001, 1.9958331E-001, 5.3682231E-003, 1.2885324E-009, 1.6796165E-010, 1.1244731E-002, 1.0106137E-009, 7.8380373E-001, 9.5896059E-011
 9.5250000E+001, 3.7475508E+002, 3.7133681E+002, 2.4255801E+000, 4.7446515E+001, 7.1158910E+001, 7.8403209E-001, 1.9963540E-001, 5.3393832E-003, 1.1838704E-009, 1.5430668E-010, 1.1206356E-002, 9.2852583E-010, 7.8381886E-001, 8.8106736E-011
 9.5750000E+001, 3.7420803E+002, 3.7085440E+002, 2.4229768E+000, 4.6934352E+001, 7.0393630E+001, 7.8224936E-001, 1.9968756E-001, 5.3105069E-003, 1.0816832E-009, 1.4098569E-010, 1.1167934E-002, 8.4837899E-010, 7.8383400E-001, 8.0501267E-011
 9.6250000E+001, 3.7367518E+002, 3.7038364E+002, 2.4178859E+000, 4.6416956E+001, 6.9631524E+001, 7.7932356E-001, 1.9973842E-001, 5.2823436E-003, 9.8970302E-010, 1.2906351E-010, 1.1130459E-002, 7.7623767E-010, 7.8384877E-001, 7.3655056E-011
 9.6750000E+001, 3.7315484E+002, 3.6992444E+002, 2.4178859E+000, 4.5903181E+001, 6.8875442E+001, 7.7932356E-001, 1.9978795E-001, 5.2549212E-003, 9.0134913E-010, 1.1772005E-010, 1.1093971E-002, 7.0694049E-010, 7.8386315E-001, 6.7078940E-011
 9.7250000E+001, 3.7266198E+002, 3.6948917E+002, 2.4156909E+000, 4.5415413E+001, 6.8141655E+001, 7.7835386E-001, 1.9983480E-001, 5.2289833E-003, 8.0928169E-010, 1.0562861E-010, 1.1059458E-002, 6.3473074E-010, 7.8387675E-001, 6.0226629E-011
 9.7750000E+001, 3.7219543E+002, 3.6908263E+002, 2.4139288E+000, 4.4955259E+001, 6.7436130E+001, 7.7679209E-001, 1.9987841E-001, 5.2048394E-003, 7.1290499E-010, 9.2935506E-011, 1.1027332E-002, 5.5914117E-010, 7.8388941E-001, 5.3053743E-011
 9.8250000E+001, 3.7173642E+002, 3.6868751E+002, 2.4129392E+000, 4.4509519E+001, 6.6727120E+001, 7.7510596E-001, 1.9992078E-001, 5.1813851E-003, 6.2328267E-010, 8.1293955E-011, 1.0996124E-002, 4.8884916E-010, 7.8390171E-001, 4.6382992E-011
 9.8750000E+001, 3.7128114E+002, 3.6829600E+002, 2.4118760E+000, 4.4081709E+001, 6.6027456E+001, 7.7302467E-001, 1.9996273E-001, 5.1581560E-003, 5.4689366E-010, 7.1361080E-011, 1.0965215E-002, 4.2893621E-010, 7.8391390E-001, 4.0696820E-011
 9.9250000E+001, 3.7081924E+002, 3.6789886E+002, 2.4108282E+000, 4.3655633E+001, 6.5334156E+001, 7.7094017E-001, 2.0000536E-001, 5.1345562E-003, 4.8558455E-010, 6.3407835E-011, 1.0933813E-002, 3.8085063E-010, 7.8392627E-001, 3.6133021E-011
 9.9750000E+001, 3.7034871E+002, 3.6748660E+002, 2.4091664E+000, 4.3246218E+001, 6.4662008E+001, 7.6931128E-001, 2.0004959E-001, 5.1100664E-003, 4.3508366E-010, 5.6825244E-011, 1.0901227E-002, 3.4124209E-010, 7.8393912E-001, 3.2374018E-011
